,ID,STATION,DATE,MIN_TEMP,MAX_TEMP,MAX_WIND_DIRECTION,MAX_WIND_SPEED,MAX_WIND_TIME,RAINFALL_AMOUNT_24HR,RAINFALL_AMOUNT_YEAR_TO_DATE,TIMESTAMP
0,1,MAE HONG SON,6/21/2016,26.4,36.5,WNW,12.97,20:28:00,0.7,285.7,11/13/2020 7:44
110,111,MAE HONG SON,6/22/2016,25.5,34.5,NE,11.12,21:01:00,0.5,286.2,11/13/2020 7:44
223,224,MAE HONG SON,6/23/2016,25.2,36,SE,20.39,19:42:00,0.6,286.8,11/13/2020 7:44
331,332,MAE HONG SON,6/24/2016,25.5,34,ESE,22.24,21:31:00,4.8,291.6,11/13/2020 7:44
438,439,MAE HONG SON,6/25/2016,24.8,31.8,NE,24.09,20:50:00,36.6,328.2,11/13/2020 7:44
541,542,MAE HONG SON,6/26/2016,24,34.9,SSE,22.24,22:14:00,5.1,333.3,11/13/2020 7:44
647,648,MAE HONG SON,6/28/2016,25,35.6,SSE,12.97,19:34:00,0,333.3,11/13/2020 7:44
755,756,MAE HONG SON,6/29/2016,25.4,33.5,WNW,11.12,21:03:00,1,334.3,11/13/2020 7:44
864,865,MAE HONG SON,7/1/2016,24.9,31.5,NW,12.97,20:56:00,33.8,388.6,11/13/2020 7:44
969,970,MAE HONG SON,7/2/2016,23.5,33.1,WNW,14.83,13:32:00,13.3,401.9,11/13/2020 7:44
1081,1082,MAE HONG SON,6/27/2016,25,35.6,SSE,12.97,19:34:00,0,333.3,11/13/2020 7:44
1199,1200,MAE HONG SON,6/30/2016,24.9,31.5,NW,12.97,20:56:00,33.8,388.6,11/13/2020 7:44
1316,1317,MAE HONG SON,7/5/2016,24.3,31.1,SSW,14.83,17:20:00,2.7,428.7,11/13/2020 7:44
1353,1354,MAE HONG SON,7/3/2016,24.2,31,SSW,14.83,17:20:00,8.7,426,11/13/2020 7:44
1418,1419,MAE HONG SON,7/6/2016,24.5,32.5,S,9.27,18:10:00,8.1,436.8,11/13/2020 7:44
1521,1522,MAE HONG SON,7/7/2016,24.7,31.7,NW,11.12,11:57:00,5.2,442,11/13/2020 7:44
1634,1635,MAE HONG SON,7/8/2016,24.4,32.5,SSE,20.39,13:04:00,0,442,11/13/2020 7:44
1746,1747,MAE HONG SON,7/9/2016,24.5,31.9,SE,16.68,12:16:00,14.4,456.4,11/13/2020 7:44
1857,1858,MAE HONG SON,7/10/2016,24.3,31.3,SE,16.68,11:52:00,17.6,474,11/13/2020 7:44
1970,1971,MAE HONG SON,7/11/2016,24.2,31.9,SE,12.97,11:42:00,5.7,479.7,11/13/2020 7:44
2082,2083,MAE HONG SON,7/12/2016,24,30.5,NNW,42.62,18:50:00,1.7,481.4,11/13/2020 7:44
2196,2197,MAE HONG SON,7/13/2016,24.2,31.2,SE,12.97,19:12:00,0.5,481.9,11/13/2020 7:44
2309,2310,MAE HONG SON,7/14/2016,24.5,31.8,S,16.68,15:06:00,1.2,483.1,11/13/2020 7:44
2421,2422,MAE HONG SON,7/15/2016,24.3,30.8,NNW,20.39,15:57:00,13.8,496.9,11/13/2020 7:44
2530,2531,MAE HONG SON,7/16/2016,23.5,32.3,ESE,18.53,14:27:00,0,496.9,11/13/2020 7:44
2640,2641,MAE HONG SON,7/17/2016,24.3,31.6,SSE,14.83,14:51:00,7.7,504.6,11/13/2020 7:44
2747,2748,MAE HONG SON,7/18/2016,23.3,31.9,SE,12.97,12:35:00,0,504.6,11/13/2020 7:44
2857,2858,MAE HONG SON,7/19/2016,24.5,34.7,SE,14.83,17:35:00,0,504.6,11/13/2020 7:44
2970,2971,MAE HONG SON,8/5/2016,24.9,31.7,SE,20.39,13:57:00,1.3,592.2,11/13/2020 7:44
3045,3046,MAE HONG SON,7/20/2016,24.9,34.1,S,20.39,20:32:00,1,505.6,11/13/2020 7:44
3087,3088,MAE HONG SON,7/21/2016,24.2,30,SSW,18.53,14:36:00,9.5,515.1,11/13/2020 7:44
3194,3195,MAE HONG SON,7/22/2016,23,33.4,WNW,20.39,19:37:00,17,532.1,11/13/2020 7:44
3303,3304,MAE HONG SON,7/23/2016,23.5,30.8,E,9.27,21:22:00,0,532.1,11/13/2020 7:44
3406,3407,MAE HONG SON,7/24/2016,24.6,33.8,N,14.83,21:15:00,3.8,535.9,11/13/2020 7:44
3618,3619,MAE HONG SON,7/26/2016,23.4,34.4,S,22.24,19:49:00,0,544,11/13/2020 7:44
3723,3724,MAE HONG SON,7/27/2016,25,36.3,WNW,12.97,14:21:00,4,548,11/13/2020 7:44
3826,3827,MAE HONG SON,7/28/2016,23.6,34,SE,20.39,17:34:00,1.9,549.9,11/13/2020 7:44
3937,3938,MAE HONG SON,7/29/2016,24.5,34,ESE,18.53,14:10:00,4.9,554.8,11/13/2020 7:44
4043,4044,MAE HONG SON,7/30/2016,24.5,33.5,SW,27.8,12:46:00,31.7,586.5,11/13/2020 7:44
4152,4153,MAE HONG SON,7/31/2016,24.5,31.8,SSE,16.68,13:20:00,1.2,587.7,11/13/2020 7:44
4255,4256,MAE HONG SON,8/1/2016,23.8,32.4,ESE,25.95,13:29:00,2.7,590.4,11/13/2020 7:44
4360,4361,MAE HONG SON,8/2/2016,24.4,32.5,WSW,14.83,12:39:00,0.5,590.9,11/13/2020 7:44
4472,4473,MAE HONG SON,8/3/2016,24.9,33.8,E,16.68,16:13:00,0,590.9,11/13/2020 7:44
4576,4577,MAE HONG SON,8/4/2016,24.7,33.5,SE,16.68,19:44:00,0,590.9,11/13/2020 7:44
4786,4787,MAE HONG SON,8/6/2016,24.3,32,SE,11.12,15:21:00,0,592.2,11/13/2020 7:44
4893,4894,MAE HONG SON,8/7/2016,24.4,32,SSE,11.12,9:03:00,0,592.2,11/13/2020 7:44
4999,5000,MAE HONG SON,8/8/2016,25.3,33.8,S,14.83,10:53:00,13.8,606,11/13/2020 7:44
5105,5106,MAE HONG SON,8/9/2016,24.2,32.2,S,16.68,14:02:00,0,606,11/13/2020 7:44
5213,5214,MAE HONG SON,8/10/2016,24.7,33.6,S,12.97,15:00:00,0,606,11/13/2020 7:44
5323,5324,MAE HONG SON,8/11/2016,24.6,32.2,SE,22.24,17:50:00,0,606,11/13/2020 7:44
5431,5432,MAE HONG SON,8/12/2016,24.9,31.8,SE,5.56,8:04:00,11.8,617.8,11/13/2020 7:44
5534,5535,MAE HONG SON,8/13/2016,23.7,29.5,SE,20.39,20:31:00,0,617.8,11/13/2020 7:44
5636,5637,MAE HONG SON,8/14/2016,24.7,30.5,SE,12.97,21:58:00,3,620.8,11/13/2020 7:44
5742,5743,MAE HONG SON,8/15/2016,24.5,28.4,SE,12.97,16:36:00,4.8,625.6,11/13/2020 7:44
5845,5846,MAE HONG SON,8/16/2016,23.2,29.3,NNW,22.24,12:58:00,19.3,644.9,11/13/2020 7:44
5952,5953,MAE HONG SON,8/17/2016,24.5,30.7,NW,22.24,12:39:00,3.9,648.8,11/13/2020 7:44
6061,6062,MAE HONG SON,8/18/2016,24.6,32.5,SSE,18.53,19:40:00,0,648.8,11/13/2020 7:44
6167,6168,MAE HONG SON,8/19/2016,24.3,32.5,ESE,14.83,13:10:00,16.5,665.3,11/13/2020 7:44
6275,6276,MAE HONG SON,8/20/2016,24.2,27.8,ESE,11.12,15:43:00,6.5,671.8,11/13/2020 7:44
6380,6381,MAE HONG SON,8/21/2016,23.5,33.5,SE,18.53,19:12:00,0,671.8,11/13/2020 7:44
6485,6486,MAE HONG SON,8/22/2016,24.5,33.5,SE,24.09,20:46:00,11.8,683.6,11/13/2020 7:44
6592,6593,MAE HONG SON,8/23/2016,24.3,32.2,SSE,12.97,14:23:00,0.6,684.2,11/13/2020 7:44
6701,6702,MAE HONG SON,8/24/2016,24.8,33.3,E,18.53,14:16:00,14.5,698.7,11/13/2020 7:44
6809,6810,MAE HONG SON,8/25/2016,25.1,33,E,18.53,14:46:00,2.7,701.4,11/13/2020 7:44
6913,6914,MAE HONG SON,8/26/2016,24.5,34,ENE,35.21,16:45:00,57.5,758.9,11/13/2020 7:44
7021,7022,MAE HONG SON,8/27/2016,24.3,31,SE,16.68,14:05:00,3.3,762.2,11/13/2020 7:44
7129,7130,MAE HONG SON,8/28/2016,24.5,32.2,WNW,16.68,18:29:00,35,797.2,11/13/2020 7:44
7237,7238,MAE HONG SON,8/29/2016,23.7,33.8,SE,20.39,16:45:00,2,799.2,11/13/2020 7:44
7350,7351,MAE HONG SON,8/30/2016,24.5,32.6,ESE,14.83,11:46:00,0.9,800.1,11/13/2020 7:44
7459,7460,MAE HONG SON,8/31/2016,24,32.5,SSW,35.21,15:55:00,22.2,822.3,11/13/2020 7:44
7572,7573,MAE HONG SON,9/1/2016,24.4,33,SSE,16.68,17:56:00,0.3,822.6,11/13/2020 7:44
7680,7681,MAE HONG SON,9/4/2016,23.8,31.9,SSW,20.39,21:52:00,2.1,830.8,11/13/2020 7:44
7782,7783,MAE HONG SON,9/2/2016,24.4,32.2,SSE,22.24,13:45:00,6.1,828.7,11/13/2020 7:44
7901,7902,MAE HONG SON,9/3/2016,24,32.5,SSE,16.68,12:58:00,0,822.6,11/13/2020 7:44
8021,8022,MAE HONG SON,9/5/2016,24.2,33,S,12.97,21:43:00,0,830.8,11/13/2020 7:44
8127,8128,MAE HONG SON,9/6/2016,24.7,32.9,NW,12.97,15:52:00,0,830.8,11/13/2020 7:44
8233,8234,MAE HONG SON,9/7/2016,25.1,32.4,WNW,16.68,13:23:00,0,830.8,11/13/2020 7:44
8343,8344,MAE HONG SON,9/8/2016,24.8,33.2,SSE,14.83,15:25:00,10.1,840.9,11/13/2020 7:44
8450,8451,MAE HONG SON,9/9/2016,24.1,32.1,S,16.68,21:15:00,1.2,842.1,11/13/2020 7:44
8553,8554,MAE HONG SON,9/10/2016,24.3,33.2,SE,16.68,12:39:00,8.3,850.4,11/13/2020 7:44
8663,8664,MAE HONG SON,9/11/2016,24.4,29.2,NNE,14.83,13:45:00,11.2,861.6,11/13/2020 7:44
8773,8774,MAE HONG SON,9/12/2016,23.5,27.6,W,9.27,16:10:00,12.1,873.7,11/13/2020 7:44
8884,8885,MAE HONG SON,9/13/2016,23.4,33.2,ESE,14.83,18:25:00,0,873.7,11/13/2020 7:44
9071,9072,MAE HONG SON,9/14/2016,23.5,32.1,N,18.53,19:50:00,9.9,883.6,11/13/2020 7:44
9099,9100,MAE HONG SON,9/15/2016,24,31.5,SE,14.83,15:53:00,7.8,891.4,11/13/2020 7:44
9213,9214,MAE HONG SON,9/16/2016,24.5,32.2,ESE,14.83,13:18:00,,891.4,11/13/2020 7:44
9406,9407,MAE HONG SON,9/18/2016,25.3,27.6,N,22.24,11:32:00,7.5,898.9,11/13/2020 7:44
9605,9606,MAE HONG SON,9/20/2016,24.3,32.2,SE,20.39,12:51:00,6.1,905,11/13/2020 7:44
9703,9704,MAE HONG SON,9/21/2016,31.1,23.8,NNE,27.8,14:28:00,6.4,911.4,11/13/2020 7:44
9823,9824,MAE HONG SON,9/22/2016,23.8,33,NW,11.12,11:39:00,,911.4,11/13/2020 7:44
10021,10022,MAE HONG SON,9/24/2016,23.8,34.5,NNE,25.95,14:53:00,13.7,925.1,11/13/2020 7:44
10124,10125,MAE HONG SON,9/25/2016,23.7,32.2,N,16.68,14:42:00,0.1,925.2,11/13/2020 7:44
10221,10222,MAE HONG SON,9/26/2016,24.6,32.1,ESE,22.24,15:13:00,2.2,927.4,11/13/2020 7:44
10324,10325,MAE HONG SON,9/27/2016,24.2,32.1,ESE,16.68,15:34:00,0.1,927.5,11/13/2020 7:44
10424,10425,MAE HONG SON,9/28/2016,23.4,32.6,SE,20.39,14:50:00,,927.5,11/13/2020 7:44
10523,10524,MAE HONG SON,9/29/2016,24.5,33.6,ESE,37.07,14:05:00,14.2,941.7,11/13/2020 7:44
10625,10626,MAE HONG SON,9/30/2016,23,32.6,WSW,22.24,16:07:00,,941.7,11/13/2020 7:44
10721,10722,MAE HONG SON,10/1/2016,24.4,34.2,N,12.97,17:29:00,40.8,982.5,11/13/2020 7:44
10820,10821,MAE HONG SON,10/2/2016,24.2,32.3,N,14.83,13:15:00,,982.5,11/13/2020 7:44
10923,10924,MAE HONG SON,10/3/2016,25,34.5,N,16.68,15:19:00,,982.5,11/13/2020 7:44
11027,11028,MAE HONG SON,10/4/2016,24.4,33.6,NE,25.95,17:20:00,5,987.5,11/13/2020 7:44
11327,11328,MAE HONG SON,10/7/2016,24.5,32.4,ESE,12.97,15:46:00,,987.5,11/13/2020 7:44
11428,11429,MAE HONG SON,10/8/2016,24.2,33.2,WNW,12.97,13:52:00,,987.5,11/13/2020 7:44
11533,11534,MAE HONG SON,10/9/2016,24.4,34.3,E,27.8,19:56:00,26.2,1013.7,11/13/2020 7:44
11635,11636,MAE HONG SON,10/10/2016,23.9,33,WNW,14.83,13:21:00,,1013.7,11/13/2020 7:44
11732,11733,MAE HONG SON,10/11/2016,23.8,34,SE,18.53,19:01:00,1.4,1015.1,11/13/2020 7:44
11828,11829,MAE HONG SON,10/12/2016,24.2,32.7,ESE,24.09,17:58:00,,1015.1,11/13/2020 7:44
11934,11935,MAE HONG SON,10/13/2016,23.9,33.4,NNW,14.83,16:11:00,,1015.1,11/13/2020 7:44
12041,12042,MAE HONG SON,10/14/2016,23.6,33.6,W,11.12,14:33:00,,1015.1,11/13/2020 7:44
12139,12140,MAE HONG SON,10/15/2016,22.7,34.5,W,16.68,13:15:00,,1015.1,11/13/2020 7:44
12233,12234,MAE HONG SON,10/16/2016,23.4,31.4,WNW,11.12,15:58:00,,1015.1,11/13/2020 7:44
12330,12331,MAE HONG SON,10/17/2016,23.5,33.1,WSW,24.09,16:14:00,5.7,1020.8,11/13/2020 7:44
12433,12434,MAE HONG SON,10/18/2016,22.3,33.5,W,12.97,13:35:00,,1020.8,11/13/2020 7:44
12541,12542,MAE HONG SON,10/19/2016,22.7,33.2,WSW,18.53,14:21:00,,1020.8,11/13/2020 7:44
12645,12646,MAE HONG SON,10/20/2016,23.2,33.1,SE,29.65,20:20:00,11.9,1032.7,11/13/2020 7:44
12741,12742,MAE HONG SON,10/21/2016,23.4,33,ESE,11.12,18:22:00,,1032.7,11/13/2020 7:44
12860,12861,MAE HONG SON,10/22/2016,24.5,33,SSE,9.27,10:55:00,,1032.7,11/13/2020 7:44
12978,12979,MAE HONG SON,10/23/2016,24.6,32.8,SE,12.97,0:15:45,,1032.7,11/13/2020 7:44
13091,13092,MAE HONG SON,10/24/2016,24.3,30.7,SE,18.53,14:10:00,7.9,1040.6,11/13/2020 7:44
13198,13199,MAE HONG SON,10/25/2016,23.5,30.5,ESE,16.68,17:15:00,2.1,1042.7,11/13/2020 7:44
13300,13301,MAE HONG SON,10/26/2016,24,33.7,NE,12.97,15:07:00,0.4,1043.1,11/13/2020 7:44
13397,13398,MAE HONG SON,10/27/2016,24.1,33.5,NE,27.8,18:56:00,6.9,1050,11/13/2020 7:44
13499,13500,MAE HONG SON,10/28/2016,24.3,32.7,E,31.51,17:21:00,18.1,1068.1,11/13/2020 7:44
13601,13602,MAE HONG SON,10/29/2016,23,31,W,12.97,15:16:00,6.1,1074.2,11/13/2020 7:44
13798,13799,MAE HONG SON,10/31/2016,22.5,33.4,N,14.83,13:42:00,,1074.2,11/13/2020 7:44
13898,13899,MAE HONG SON,11/1/2016,22.4,31.6,SE,22.24,17:09:00,0.2,1074.4,11/13/2020 7:44
14096,14097,MAE HONG SON,11/3/2016,22.7,32.5,W,12.97,11:15:00,,1074.4,11/13/2020 7:44
14394,14395,MAE HONG SON,11/6/2016,22.6,32,E,14.83,18:15:00,,1074.4,11/13/2020 7:44
14495,14496,MAE HONG SON,11/7/2016,22.2,32.7,SE,11.12,13:05:00,,1074.4,11/13/2020 7:44
14600,14601,MAE HONG SON,11/8/2016,22.6,32.2,ESE,14.83,19:18:00,35.4,1109.8,11/13/2020 7:44
14706,14707,MAE HONG SON,11/9/2016,23.6,32,ESE,12.97,18:38:00,0.4,1110.2,11/13/2020 7:44
14805,14806,MAE HONG SON,11/10/2016,24.5,31.7,ESE,11.12,12:06:00,6.1,1116.3,11/13/2020 7:44
14908,14909,MAE HONG SON,11/11/2016,23.6,30.9,W,12.97,18:11:00,0.3,1116.6,11/13/2020 7:44
15011,15012,MAE HONG SON,11/12/2016,23.5,31.9,N,14.83,14:59:00,,1116.6,11/13/2020 7:44
15114,15115,MAE HONG SON,11/13/2016,23.8,32.2,SE,12.97,17:29:00,,1116.6,11/13/2020 7:44
15223,15224,MAE HONG SON,11/14/2016,23.5,32,E,12.97,19:06:00,,1116.6,11/13/2020 7:44
15333,15334,MAE HONG SON,11/15/2016,22.5,31.9,SE,16.68,19:08:00,3,1119.6,11/13/2020 7:44
15441,15442,MAE HONG SON,11/16/2016,22.4,31.5,SE,12.97,17:33:00,,1119.6,11/13/2020 7:44
15543,15544,MAE HONG SON,11/17/2016,22,30.9,ESE,14.83,17:50:00,,1119.6,11/13/2020 7:44
15649,15650,MAE HONG SON,11/18/2016,21.2,30.8,ESE,14.83,17:57:00,,1119.6,11/13/2020 7:44
15756,15757,MAE HONG SON,11/19/2016,21.7,31.1,ESE,14.83,18:02:00,,1119.6,11/13/2020 7:44
15865,15866,MAE HONG SON,11/20/2016,20.5,31,SSE,12.97,18:25:00,,1119.6,11/13/2020 7:44
15968,15969,MAE HONG SON,11/21/2016,18.8,29.3,ESE,14.83,17:50:00,,1119.6,11/13/2020 7:44
16072,16073,MAE HONG SON,11/22/2016,18.4,28.6,SE,12.97,18:02:00,,1119.6,11/13/2020 7:44
16175,16176,MAE HONG SON,11/23/2016,17.6,28.3,S,14.83,18:09:00,,1119.6,11/13/2020 7:44
16278,16279,MAE HONG SON,11/24/2016,17.1,28.6,ESE,9.27,18:32:00,,1119.6,11/13/2020 7:44
16377,16378,MAE HONG SON,11/25/2016,17,29.3,E,12.97,9:38:00,,1119.6,11/13/2020 7:44
16581,16582,MAE HONG SON,11/27/2016,19.8,30.3,ESE,12.97,18:17:00,0.2,1119.8,11/13/2020 7:44
16689,16690,MAE HONG SON,11/28/2016,21.1,29.4,NW,11.12,15:39:00,,1119.8,11/13/2020 7:44
16999,17000,MAE HONG SON,12/1/2016,19.6,29.7,S,11.12,15:06:00,,1119.8,11/13/2020 7:44
17112,17113,MAE HONG SON,12/2/2016,19.8,30,N,12.97,14:13:00,,1119.8,11/13/2020 7:44
17212,17213,MAE HONG SON,12/3/2016,19.4,29.5,ESE,12.97,18:07:00,,1119.8,11/13/2020 7:44
17316,17317,MAE HONG SON,12/4/2016,18.5,29.2,E,12.97,17:59:00,,1119.8,11/13/2020 7:44
17422,17423,MAE HONG SON,12/5/2016,19.1,30.7,ESE,9.27,16:50:00,,1119.8,11/13/2020 7:44
17524,17525,MAE HONG SON,12/6/2016,19,31,N,16.68,13:39:00,,1119.8,11/13/2020 7:44
17634,17635,MAE HONG SON,12/7/2016,17.9,29.1,WNW,12.97,13:30:00,,1119.8,11/13/2020 7:44
17744,17745,MAE HONG SON,12/8/2016,18.7,27.7,NW,9.27,12:47:00,,1119.8,11/13/2020 7:44
17856,17857,MAE HONG SON,12/9/2016,17,28.5,ESE,11.12,20:42:00,,1119.8,11/13/2020 7:44
17963,17964,MAE HONG SON,12/10/2016,16.8,28.4,ESE,12.97,17:25:00,,1119.8,11/13/2020 7:44
18068,18069,MAE HONG SON,12/11/2016,17.2,28.4,W,12.97,11:53:00,,1119.8,11/13/2020 7:44
18277,18278,MAE HONG SON,12/13/2016,18.6,28.9,ESE,11.12,17:39:00,,1119.8,11/13/2020 7:44
18382,18383,MAE HONG SON,12/14/2016,17.5,28.9,SE,16.68,18:52:00,,1119.8,11/13/2020 7:44
18574,18575,MAE HONG SON,12/16/2016,16.7,25.8,SE,7.41,13:20:00,,1119.8,11/13/2020 7:44
18668,18669,MAE HONG SON,12/17/2016,21.1,28.1,NE,14.83,14:44:00,,1119.8,11/13/2020 7:44
18769,18770,MAE HONG SON,12/18/2016,18.5,28.3,SSE,14.83,18:53:00,,1119.8,11/13/2020 7:44
18878,18879,MAE HONG SON,12/19/2016,18,29.4,SE,12.97,18:50:00,,1119.8,11/13/2020 7:44
19090,19091,MAE HONG SON,12/21/2016,16.8,29.1,WSW,12.97,13:51:00,,1119.8,11/13/2020 7:44
19200,19201,MAE HONG SON,12/22/2016,15.9,28.8,ESE,12.97,17:42:00,,1119.8,11/13/2020 7:44
19304,19305,MAE HONG SON,12/23/2016,17.5,29,SE,11.12,17:52:00,,1119.8,11/13/2020 7:44
19412,19413,MAE HONG SON,12/24/2016,17.4,29.8,SE,12.97,18:24:00,,1119.8,11/13/2020 7:44
19516,19517,MAE HONG SON,12/25/2016,16.4,29.7,ESE,14.83,18:08:00,,1119.8,11/13/2020 7:44
19626,19627,MAE HONG SON,12/26/2016,17.7,30,E,18.53,18:46:00,,1119.8,11/13/2020 7:44
19736,19737,MAE HONG SON,12/27/2016,17.1,29.7,SSE,12.97,18:02:00,,1119.8,11/13/2020 7:44
19844,19845,MAE HONG SON,12/28/2016,17.4,29.6,SE,16.68,18:19:00,,1119.8,11/13/2020 7:44
19948,19949,MAE HONG SON,12/29/2016,17.8,30.2,SSE,18.53,18:21:00,,1119.8,11/13/2020 7:44
20054,20055,MAE HONG SON,12/30/2016,16.4,29,WNW,12.97,13:42:00,,1119.8,11/13/2020 7:44
20243,20243,MAE HONG SON,1/1/2017,17.8,28.4,NNE,14.83,16:38:00,,0,11/13/2020 7:44
20447,20447,MAE HONG SON,1/3/2017,20.4,28.5,SE,12.97,18:22:00,8.2,8.2,11/13/2020 7:44
20546,20546,MAE HONG SON,1/4/2017,21,22.4,WNW,12.97,13:30:00,2.5,10.7,11/13/2020 7:44
20643,20643,MAE HONG SON,1/5/2017,20.2,26.5,W,9.27,10:11:00,,10.7,11/13/2020 7:44
20736,20736,MAE HONG SON,1/6/2017,19.4,28.6,SSE,11.12,18:17:00,,10.7,11/13/2020 7:44
20844,20844,MAE HONG SON,1/7/2017,18.4,28.7,SE,14.83,18:17:00,,10.7,11/13/2020 7:44
20944,20944,MAE HONG SON,1/8/2017,15.5,29,E,16.68,18:20:00,,10.7,11/13/2020 7:44
21046,21046,MAE HONG SON,1/9/2017,17,30.2,ESE,14.83,19:12:00,,10.7,11/13/2020 7:44
21141,21141,MAE HONG SON,1/10/2017,20,29.1,S,11.12,16:06:00,0.4,11.1,11/13/2020 7:44
21337,21337,MAE HONG SON,1/12/2017,21.2,30.3,SE,12.97,18:11:00,,11.1,11/13/2020 7:44
21440,21440,MAE HONG SON,1/13/2017,19.1,28.6,W,16.68,15:56:00,,11.1,11/13/2020 7:44
21545,21545,MAE HONG SON,1/14/2017,14.1,28.9,ESE,16.68,18:38:00,,11.1,11/13/2020 7:44
21654,21654,MAE HONG SON,1/15/2017,11.5,29,E,14.83,18:44:00,,11.1,11/13/2020 7:44
21870,21870,MAE HONG SON,1/17/2017,14,30.1,ESE,12.97,18:42:00,,11.1,11/13/2020 7:44
21977,21977,MAE HONG SON,1/18/2017,14.4,30.7,SE,14.83,18:41:00,,11.1,11/13/2020 7:44
22196,22196,MAE HONG SON,1/20/2017,16.5,31.7,E,14.83,18:16:00,,11.1,11/13/2020 7:44
22305,22305,MAE HONG SON,1/21/2017,17.5,31.4,SSE,12.97,19:16:00,,11.1,11/13/2020 7:44
22410,22410,MAE HONG SON,1/22/2017,18.5,32.3,N,20.39,14:50:00,,11.1,11/13/2020 7:44
22518,22518,MAE HONG SON,1/23/2017,17,31.1,NW,14.83,17:04:00,,11.1,11/13/2020 7:44
22628,22628,MAE HONG SON,1/24/2017,16.7,31.2,ESE,12.97,18:47:00,,11.1,11/13/2020 7:44
22733,22733,MAE HONG SON,1/25/2017,16.4,32.1,W,20.39,13:25:00,,11.1,11/13/2020 7:44
22844,22844,MAE HONG SON,1/26/2017,15.1,31.4,W,14.83,16:00:00,,11.1,11/13/2020 7:44
22951,22951,MAE HONG SON,1/27/2017,14.8,31.5,SSE,16.68,19:10:00,,11.1,11/13/2020 7:44
23049,23049,MAE HONG SON,1/28/2017,16.2,30.8,ESE,16.68,18:24:00,,11.1,11/13/2020 7:44
23151,23151,MAE HONG SON,1/29/2017,15.5,30.9,ESE,14.83,18:12:00,,11.1,11/13/2020 7:44
23258,23258,MAE HONG SON,1/30/2017,14.8,31.2,SE,16.68,18:53:00,,11.1,11/13/2020 7:44
23365,23365,MAE HONG SON,1/31/2017,16.2,31.7,WNW,20.39,14:33:00,,11.1,11/13/2020 7:44
23471,23471,MAE HONG SON,2/1/2017,15.6,31.8,NE,12.97,14:24:00,,11.1,11/13/2020 7:44
23580,23580,MAE HONG SON,2/2/2017,16.1,32.2,SE,12.97,19:23:00,,11.1,11/13/2020 7:44
23684,23684,MAE HONG SON,2/3/2017,15.5,31.7,SE,18.53,16:00:00,,11.1,11/13/2020 7:44
23787,23787,MAE HONG SON,2/4/2017,15,33.1,WNW,18.53,14:01:00,,11.1,11/13/2020 7:44
23889,23889,MAE HONG SON,2/5/2017,12.8,32,SE,20.39,18:48:00,,11.1,11/13/2020 7:44
24002,24002,MAE HONG SON,2/6/2017,12.9,32.3,WNW,12.97,14:13:00,,11.1,11/13/2020 7:44
24228,24228,MAE HONG SON,2/8/2017,13.2,32.1,ESE,14.83,18:46:00,,11.1,11/13/2020 7:44
24332,24332,MAE HONG SON,2/9/2017,13.6,33.3,ESE,14.83,18:32:00,,11.1,11/13/2020 7:44
24439,24439,MAE HONG SON,2/10/2017,15.2,33.6,SSE,16.68,18:49:00,,11.1,11/13/2020 7:44
24539,24539,MAE HONG SON,2/11/2017,15.2,33.5,WNW,18.53,16:08:00,,11.1,11/13/2020 7:44
24644,24644,MAE HONG SON,2/12/2017,15.8,32.7,SE,16.68,18:55:00,,11.1,11/13/2020 7:44
24744,24744,MAE HONG SON,2/13/2017,17,32.7,W,14.83,15:54:00,,11.1,11/13/2020 7:44
24852,24852,MAE HONG SON,2/14/2017,17.8,32.2,SE,14.83,18:52:00,,11.1,11/13/2020 7:44
24967,24967,MAE HONG SON,2/15/2017,17.1,31.7,N,14.83,16:43:00,,11.1,11/13/2020 7:44
25076,25076,MAE HONG SON,2/16/2017,16.5,32,N,12.97,14:41:00,,11.1,11/13/2020 7:44
25184,25184,MAE HONG SON,2/17/2017,16,32.8,E,12.97,19:24:00,,11.1,11/13/2020 7:44
25295,25295,MAE HONG SON,2/18/2017,15.6,33.2,NE,14.83,18:53:00,,11.1,11/13/2020 7:44
25399,25399,MAE HONG SON,2/19/2017,16.6,33.7,ESE,14.83,18:34:00,,11.1,11/13/2020 7:44
25508,25508,MAE HONG SON,2/20/2017,16.6,34,W,22.24,12:34:00,,11.1,11/13/2020 7:44
25612,25612,MAE HONG SON,2/21/2017,14.8,33.9,W,16.68,13:42:00,,11.1,11/13/2020 7:44
25718,25718,MAE HONG SON,2/22/2017,15.6,35.4,W,18.53,13:37:00,,11.1,11/13/2020 7:44
25825,25825,MAE HONG SON,2/23/2017,14.4,36.5,NW,14.83,16:21:00,,11.1,11/13/2020 7:44
25934,25934,MAE HONG SON,2/24/2017,14.7,37.2,WNW,16.68,14:28:00,,11.1,11/13/2020 7:44
26033,26033,MAE HONG SON,2/25/2017,15.3,36.3,W,20.39,15:07:00,,11.1,11/13/2020 7:44
26140,26140,MAE HONG SON,2/26/2017,14.8,36,W,16.68,13:59:00,,11.1,11/13/2020 7:44
26345,26345,MAE HONG SON,2/28/2017,14.1,36.6,E,16.68,19:21:00,,11.1,11/13/2020 7:44
26452,26452,MAE HONG SON,3/1/2017,14.4,36.5,WNW,14.83,15:29:00,,11.1,11/13/2020 7:44
26561,26561,MAE HONG SON,3/2/2017,15.2,36.2,W,16.68,13:58:00,,11.1,11/13/2020 7:44
26667,26667,MAE HONG SON,3/3/2017,16.2,36.2,ESE,14.83,14:24:00,,11.1,11/13/2020 7:44
26983,26983,MAE HONG SON,3/6/2017,15.6,37,W,16.68,15:32:00,,11.1,11/13/2020 7:44
27090,27090,MAE HONG SON,3/7/2017,16.4,36.9,SE,14.83,19:40:00,,11.1,11/13/2020 7:44
27194,27194,MAE HONG SON,3/8/2017,17.5,37,W,16.68,14:28:00,,11.1,11/13/2020 7:44
27297,27297,MAE HONG SON,3/9/2017,20.6,37.4,WNW,22.24,15:53:00,,11.1,11/13/2020 7:44
27404,27404,MAE HONG SON,3/10/2017,24.5,37,WNW,24.09,21:08:00,,11.1,11/13/2020 7:44
27507,27507,MAE HONG SON,3/11/2017,21.5,38,SSW,25.95,19:02:00,,11.1,11/13/2020 7:44
27611,27611,MAE HONG SON,3/12/2017,21,38,W,29.65,15:54:00,,11.1,11/13/2020 7:44
27719,27719,MAE HONG SON,3/13/2017,19.5,37,N,16.68,13:35:00,,11.1,11/13/2020 7:44
27825,27825,MAE HONG SON,3/15/2017,18.5,37.4,SSE,14.83,14:31:00,,11.1,11/13/2020 7:44
27929,27929,MAE HONG SON,3/16/2017,16.5,38,W,16.68,15:59:00,,11.1,11/13/2020 7:44
28033,28033,MAE HONG SON,3/17/2017,18.8,38.4,W,20.39,13:23:00,,11.1,11/13/2020 7:44
28132,28132,MAE HONG SON,3/18/2017,18.9,37.9,S,14.83,20:28:00,,11.1,11/13/2020 7:44
28230,28230,MAE HONG SON,3/19/2017,18.4,36.5,E,12.97,19:26:00,,11.1,11/13/2020 7:44
28331,28331,MAE HONG SON,3/14/2017,18.1,36.9,WNW,18.53,15:16:00,,11.1,11/13/2020 7:44
28449,28449,MAE HONG SON,3/20/2017,19.6,37.8,W,14.83,16:58:00,,11.1,11/13/2020 7:44
28547,28547,MAE HONG SON,3/21/2017,22.4,35.7,W,22.24,16:51:00,,11.1,11/13/2020 7:44
28651,28651,MAE HONG SON,3/22/2017,16.5,36.4,ESE,18.53,19:19:00,,11.1,11/13/2020 7:44
28960,28960,MAE HONG SON,3/25/2017,19.5,39,S,16.68,12:47:00,,11.1,11/13/2020 7:44
29065,29065,MAE HONG SON,3/26/2017,19.7,39,E,16.68,19:08:00,,11.1,11/13/2020 7:44
29165,29165,MAE HONG SON,3/27/2017,19.4,39.2,WNW,16.68,14:11:00,,11.1,11/13/2020 7:44
29268,29268,MAE HONG SON,3/28/2017,23,39,W,12.97,12:48:00,,11.1,11/13/2020 7:44
29374,29374,MAE HONG SON,3/29/2017,23.1,39.5,W,16.68,13:02:00,,11.1,11/13/2020 7:44
29478,29478,MAE HONG SON,3/30/2017,21.2,39.6,E,16.68,14:42:00,,11.1,11/13/2020 7:44
29573,29573,MAE HONG SON,3/31/2017,21.3,38.7,ESE,20.39,13:09:00,,11.1,11/13/2020 7:44
29675,29675,MAE HONG SON,4/1/2017,22.4,38.7,W,14.83,15:51:00,0.2,11.3,11/13/2020 7:44
29775,29775,MAE HONG SON,4/2/2017,25,38.2,WNW,20.39,14:51:00,,11.3,11/13/2020 7:44
29885,29885,MAE HONG SON,4/3/2017,24.8,38.4,WNW,20.39,14:13:00,1,12.3,11/13/2020 7:44
29987,29987,MAE HONG SON,4/4/2017,21.5,37.7,NW,31.51,15:04:00,,12.3,11/13/2020 7:44
30083,30083,MAE HONG SON,4/5/2017,20,37.7,SE,14.83,20:09:00,,12.3,11/13/2020 7:44
30174,30174,MAE HONG SON,4/6/2017,20.3,39.2,SE,12.97,14:45:00,,12.3,11/13/2020 7:44
30272,30272,MAE HONG SON,4/7/2017,21.5,40.9,W,16.68,13:01:00,,12.3,11/13/2020 7:44
30371,30371,MAE HONG SON,4/8/2017,23.4,42,SE,18.53,15:21:00,,12.3,11/13/2020 7:44
30474,30474,MAE HONG SON,4/9/2017,26.5,40.5,SE,14.83,9:40:00,,12.3,11/13/2020 7:44
30579,30579,MAE HONG SON,4/10/2017,26.8,41.7,SSE,22.24,19:23:00,,12.3,11/13/2020 7:44
30783,30783,MAE HONG SON,4/12/2017,25.5,41.6,SSE,16.68,17:32:00,,12.3,11/13/2020 7:44
30889,30889,MAE HONG SON,4/13/2017,28,39.7,W,24.09,15:15:00,,12.3,11/13/2020 7:44
31096,31096,MAE HONG SON,4/15/2017,23,32.9,NNW,18.53,18:05:00,8.6,21.8,11/13/2020 7:44
31195,31195,MAE HONG SON,4/16/2017,21.9,30.5,WNW,12.97,16:18:00,6.9,28.7,11/13/2020 7:44
31299,31299,MAE HONG SON,4/17/2017,22,31.2,SE,25.95,12:07:00,7.6,36.3,11/13/2020 7:44
31402,31402,MAE HONG SON,4/18/2017,22.6,37,SSE,12.97,13:11:00,,36.3,11/13/2020 7:44
31506,31506,MAE HONG SON,4/19/2017,21.5,38.1,WNW,16.68,13:01:00,,36.3,11/13/2020 7:44
31610,31610,MAE HONG SON,4/20/2017,24,37.6,SE,20.39,9:21:00,,36.3,11/13/2020 7:44
31711,31711,MAE HONG SON,4/21/2017,22.3,37.4,W,18.53,15:41:00,,36.3,11/13/2020 7:44
31917,31917,MAE HONG SON,4/23/2017,23.2,37.2,W,24.09,16:50:00,,36.3,11/13/2020 7:44
32025,32025,MAE HONG SON,4/24/2017,23.3,37.6,W,22.24,12:09:00,,36.3,11/13/2020 7:44
32233,32233,MAE HONG SON,4/27/2017,25.5,41,SSE,16.68,13:50:00,,36.3,11/13/2020 7:44
32334,32334,MAE HONG SON,4/28/2017,26.2,41.7,N,44.48,22:00:00,18.2,54.5,11/13/2020 7:44
32434,32434,MAE HONG SON,4/29/2017,21.6,37.7,NE,33.36,21:34:00,,54.5,11/13/2020 7:44
32540,32540,MAE HONG SON,4/30/2017,22.3,38.5,SE,14.83,20:38:00,,54.5,11/13/2020 7:44
32647,32647,MAE HONG SON,5/1/2017,24.2,39.6,WNW,37.07,17:10:00,24.4,78.9,11/13/2020 7:44
32853,32853,MAE HONG SON,5/3/2017,24.4,39.5,ESE,16.68,19:17:00,,78.9,11/13/2020 7:44
32954,32954,MAE HONG SON,5/4/2017,24.9,41.5,N,25.95,21:21:00,,78.9,11/13/2020 7:44
33060,33060,MAE HONG SON,5/5/2017,25,38.2,SSW,20.39,16:21:00,0.1,79,11/13/2020 7:44
33269,33269,MAE HONG SON,5/7/2017,22.1,38.7,N,50.04,16:42:00,,79,11/13/2020 7:44
33372,33372,MAE HONG SON,5/8/2017,21.5,38.5,SE,16.68,19:05:00,,79,11/13/2020 7:44
33481,33481,MAE HONG SON,5/9/2017,21.7,39.8,SE,27.8,17:06:00,7.5,86.5,11/13/2020 7:44
33578,33578,MAE HONG SON,5/10/2017,22,38.6,NNE,25.95,21:49:00,1.3,87.8,11/13/2020 7:44
33780,33780,MAE HONG SON,5/12/2017,24.8,35.3,NNW,24.09,13:58:00,,87.8,11/13/2020 7:44
33883,33883,MAE HONG SON,5/13/2017,24.1,39.1,NNW,35.21,17:13:00,8.7,96.5,11/13/2020 7:44
33985,33985,MAE HONG SON,5/14/2017,22.9,37.8,SSE,16.68,16:01:00,,96.5,11/13/2020 7:44
34186,34186,MAE HONG SON,5/16/2017,24.5,35.5,NW,22.24,13:12:00,0.5,97,11/13/2020 7:44
34288,34288,MAE HONG SON,5/17/2017,25.3,29.9,SW,29.65,12:07:00,2.4,99.4,11/13/2020 7:44
34483,34483,MAE HONG SON,5/19/2017,26.1,37.4,SW,14.83,18:37:00,,118.9,11/13/2020 7:44
34587,34587,MAE HONG SON,5/20/2017,25.2,38,SSE,16.68,14:29:00,,118.9,11/13/2020 7:44
34696,34696,MAE HONG SON,5/21/2017,27,39.7,NW,27.8,17:34:00,,118.9,11/13/2020 7:44
34794,34794,MAE HONG SON,5/24/2017,25.5,38.5,S,20.39,15:41:00,,121.3,11/13/2020 7:44
35094,35094,MAE HONG SON,5/26/2017,26,38.2,ESE,31.51,16:57:00,,121.3,11/13/2020 7:44
35211,35211,MAE HONG SON,5/27/2017,25.1,37.7,ESE,37.07,13:18:00,17.5,138.8,11/13/2020 7:44
35327,35327,MAE HONG SON,5/28/2017,25.7,36.1,SE,24.09,21:13:00,,138.8,11/13/2020 7:44
35443,35443,MAE HONG SON,5/29/2017,25.4,31.4,E,16.68,11:57:00,9,147.8,11/13/2020 7:44
35557,35557,MAE HONG SON,5/31/2017,25.6,33.4,ENE,12.97,14:01:00,15.4,166.1,11/13/2020 7:44
35658,35658,MAE HONG SON,5/22/2017,26,40,E,35.21,16:13:00,2.4,121.3,11/13/2020 7:44
35777,35777,MAE HONG SON,5/23/2017,26,40.3,N,35.21,17:43:00,,121.3,11/13/2020 7:44
35896,35896,MAE HONG SON,4/26/2017,23,40.5,SE,20.39,21:22:00,,36.3,11/13/2020 7:44
36015,36015,MAE HONG SON,6/1/2017,25,35.8,SSE,22.24,17:48:00,,166.1,11/13/2020 7:44
36216,36216,MAE HONG SON,6/3/2017,25.2,39,SW,27.8,12:42:00,,166.1,11/13/2020 7:44
36313,36313,MAE HONG SON,6/4/2017,25.7,38.5,WSW,27.8,17:37:00,,166.1,11/13/2020 7:44
36411,36411,MAE HONG SON,6/5/2017,25.4,36,SE,18.53,18:30:00,,166.1,11/13/2020 7:44
36512,36512,MAE HONG SON,6/6/2017,25.1,37.9,NNE,38.92,15:56:00,,166.1,11/13/2020 7:44
36614,36614,MAE HONG SON,6/7/2017,26.2,35.5,SE,24.09,13:42:00,13.5,179.6,11/13/2020 7:44
36712,36712,MAE HONG SON,6/8/2017,24.4,33.1,N,14.83,14:27:00,8.1,187.7,11/13/2020 7:44
36812,36812,MAE HONG SON,6/9/2017,24.4,34.5,WSW,20.39,16:55:00,2.8,190.5,11/13/2020 7:44
36917,36917,MAE HONG SON,6/10/2017,24.7,30.9,S,14.83,17:31:00,1.5,192,11/13/2020 7:44
37113,37113,MAE HONG SON,6/12/2017,24.1,28.2,N,12.97,12:56:00,6.1,202.1,11/13/2020 7:44
37216,37216,MAE HONG SON,6/13/2017,23.5,29.8,W,11.12,11:38:00,7.2,209.3,11/13/2020 7:44
37320,37320,MAE HONG SON,6/14/2017,24.6,32,SSE,18.53,19:33:00,18.8,228.1,11/13/2020 7:44
37413,37413,MAE HONG SON,6/15/2017,23.8,30.8,SE,16.68,14:45:00,1.6,229.7,11/13/2020 7:44
37618,37618,MAE HONG SON,6/17/2017,24.9,33,S,18.53,20:10:00,13.2,242.9,11/13/2020 7:44
37720,37720,MAE HONG SON,6/18/2017,23.4,31.7,ESE,20.39,16:35:00,32.4,275.3,11/13/2020 7:44
37822,37822,MAE HONG SON,6/20/2017,24.5,30.1,W,11.12,11:00:00,4.5,285.8,11/13/2020 7:44
37924,37924,MAE HONG SON,6/21/2017,23.5,32.5,SE,25.95,16:22:00,1.3,287.1,11/13/2020 7:44
38025,38025,MAE HONG SON,6/19/2017,23.3,33.2,SE,18.53,14:28:00,6,281.3,11/13/2020 7:44
38145,38145,MAE HONG SON,6/22/2017,23.9,34.2,SSW,12.97,17:11:00,,287.1,11/13/2020 7:44
38251,38251,MAE HONG SON,6/23/2017,24.7,33,W,16.68,14:17:00,,287.1,11/13/2020 7:44
38357,38357,MAE HONG SON,6/24/2017,24.7,34.5,SE,18.53,14:33:00,1,288.1,11/13/2020 7:44
38568,38568,MAE HONG SON,6/26/2017,24.5,35.4,SSE,18.53,16:52:00,0.1,288.2,11/13/2020 7:44
38673,38673,MAE HONG SON,6/27/2017,24.5,35.3,SSE,29.65,18:08:00,0.5,288.7,11/13/2020 7:44
38780,38780,MAE HONG SON,6/28/2017,24.8,35,NW,14.83,17:44:00,0.3,289,11/13/2020 7:44
38988,38988,MAE HONG SON,6/30/2017,24.1,31.2,SSE,18.53,12:11:00,4.3,294.1,11/13/2020 7:44
39091,39091,MAE HONG SON,7/1/2017,24,32,NW,16.68,15:07:00,0.3,294.4,11/13/2020 7:44
39197,39197,MAE HONG SON,7/2/2017,24.1,31.5,SE,18.53,18:36:00,0.1,294.5,11/13/2020 7:44
39404,39404,MAE HONG SON,7/4/2017,24.4,30.1,ESE,16.68,11:43:00,3.3,297.9,11/13/2020 7:44
39612,39612,MAE HONG SON,7/6/2017,23.5,33.4,S,12.97,21:30:00,,298,11/13/2020 7:44
39721,39721,MAE HONG SON,7/7/2017,24.2,33.5,SE,12.97,13:51:00,,298,11/13/2020 7:44
39827,39827,MAE HONG SON,7/8/2017,25,33.2,ESE,20.39,17:26:00,9.4,307.4,11/13/2020 7:44
39934,39934,MAE HONG SON,7/9/2017,23.5,33.3,S,16.68,16:48:00,,307.4,11/13/2020 7:44
40040,40040,MAE HONG SON,7/10/2017,24,32.8,SE,22.24,16:51:00,34.1,341.5,11/13/2020 7:44
40247,40247,MAE HONG SON,7/12/2017,24.5,32.2,E,12.97,11:54:00,17.7,359.3,11/13/2020 7:44
40351,40351,MAE HONG SON,7/13/2017,24,31,W,11.12,12:42:00,30.3,389.6,11/13/2020 7:44
40560,40560,MAE HONG SON,7/15/2017,25.3,31.6,S,16.68,12:10:00,1,390.6,11/13/2020 7:44
40668,40668,MAE HONG SON,7/16/2017,24.2,34.8,SE,20.39,18:50:00,8.2,398.7,11/13/2020 7:44
40774,40774,MAE HONG SON,7/17/2017,24.7,33.8,S,20.39,14:54:00,11.8,410.5,11/13/2020 7:44
40982,40982,MAE HONG SON,7/19/2017,24.5,32.5,SSE,20.39,16:03:00,0.4,413,11/13/2020 7:44
41089,41089,MAE HONG SON,7/20/2017,24.3,32.1,WSW,16.68,13:37:00,1.4,414.4,11/13/2020 7:44
41193,41193,MAE HONG SON,7/21/2017,24.2,31.7,SSE,11.12,17:39:00,0.8,415.2,11/13/2020 7:44
41301,41301,MAE HONG SON,7/22/2017,24.2,32,N,16.68,13:36:00,7.5,422.7,11/13/2020 7:44
41405,41405,MAE HONG SON,7/23/2017,24.1,31.4,S,14.83,13:15:00,7.6,430.3,11/13/2020 7:44
41510,41510,MAE HONG SON,7/24/2017,23.6,31.6,S,14.83,15:13:00,0.1,430.4,11/13/2020 7:44
41715,41715,MAE HONG SON,7/27/2017,23,35.7,SE,29.65,15:36:00,2.2,454.5,11/13/2020 7:44
41813,41813,MAE HONG SON,7/29/2017,22.4,35.6,SE,16.68,19:07:00,,454.6,11/13/2020 7:44
42022,42022,MAE HONG SON,7/31/2017,25.9,34.5,SSE,12.97,13:41:00,2.3,456.9,11/13/2020 7:44
42129,42129,MAE HONG SON,8/1/2017,25.2,33,SSW,22.24,15:04:00,0.4,457.3,11/13/2020 7:44
42235,42235,MAE HONG SON,8/2/2017,25,32.8,ESE,16.68,19:18:00,10.9,468.2,11/13/2020 7:44
42441,42441,MAE HONG SON,8/4/2017,24.6,32.2,SSE,16.68,16:58:00,18.1,491.3,11/13/2020 7:44
42544,42544,MAE HONG SON,8/5/2017,24.3,32.6,SE,16.68,20:14:00,0.3,491.6,11/13/2020 7:44
42647,42647,MAE HONG SON,8/6/2017,24.8,28.9,SSE,27.8,21:14:00,1.5,493.1,11/13/2020 7:44
42849,42849,MAE HONG SON,8/8/2017,23.9,32.9,WSW,5.56,15:18:00,18.2,512.2,11/13/2020 7:44
42956,42956,MAE HONG SON,8/9/2017,24.2,32.5,SSE,24.09,17:13:00,6.8,519,11/13/2020 7:44
43059,43059,MAE HONG SON,8/10/2017,23.1,33.2,SE,16.68,10:12:00,1,520,11/13/2020 7:44
43165,43165,MAE HONG SON,8/11/2017,23.5,33,SE,14.83,14:40:00,18.1,538.1,11/13/2020 7:44
43269,43269,MAE HONG SON,8/12/2017,23.4,33,SSE,14.83,13:12:00,0.1,538.2,11/13/2020 7:44
43376,43376,MAE HONG SON,8/13/2017,24.3,33.2,SE,16.68,12:41:00,,538.2,11/13/2020 7:44
43489,43489,MAE HONG SON,8/14/2017,24.9,31.4,N,11.12,15:02:00,0.7,538.9,11/13/2020 7:44
43698,43698,MAE HONG SON,7/25/2017,24.5,33.6,NW,14.83,16:44:00,8.9,439.3,11/13/2020 7:44
43818,43818,MAE HONG SON,7/28/2017,24.8,34.7,SE,20.39,18:40:00,0.1,454.6,11/13/2020 7:44
43936,43936,MAE HONG SON,8/16/2017,23.7,29.7,ESE,12.97,17:42:00,3.3,548.6,11/13/2020 7:44
44040,44040,MAE HONG SON,8/17/2017,24,31,NNE,18.53,15:14:00,0.2,548.8,11/13/2020 7:44
44148,44148,MAE HONG SON,8/18/2017,23.8,33.2,NNE,16.68,15:32:00,0.1,548.9,11/13/2020 7:44
44251,44251,MAE HONG SON,8/19/2017,24,33,S,14.83,15:18:00,0.8,549.7,11/13/2020 7:44
44350,44350,MAE HONG SON,8/20/2017,24.5,34.3,NNW,25.95,17:00:00,18.2,567.9,11/13/2020 7:44
44455,44455,MAE HONG SON,8/21/2017,23.7,31,SE,16.68,16:39:00,30.4,598.3,11/13/2020 7:44
44673,44673,MAE HONG SON,8/23/2017,23.6,34.2,SSE,14.83,10:54:00,,598.3,11/13/2020 7:44
44778,44778,MAE HONG SON,8/24/2017,25.3,31.5,SE,16.68,21:36:00,2.5,600.8,11/13/2020 7:44
44883,44883,MAE HONG SON,8/25/2017,24.2,30,S,18.53,16:53:00,13.2,614,11/13/2020 7:44
45084,45084,MAE HONG SON,8/27/2017,23,32.7,ESE,16.68,16:59:00,3.3,652.7,11/13/2020 7:44
45186,45186,MAE HONG SON,8/28/2017,24.1,36.1,SE,20.39,17:06:00,,652.7,11/13/2020 7:44
45399,45399,MAE HONG SON,8/30/2017,24.1,33.9,NW,11.12,14:36:00,,691.8,11/13/2020 7:44
45500,45500,MAE HONG SON,8/31/2017,24.6,34.6,SSE,14.83,15:08:00,0.5,692.3,11/13/2020 7:44
45602,45602,MAE HONG SON,9/1/2017,24.6,32.6,W,16.68,11:34:00,22.4,714.7,11/13/2020 7:44
45707,45707,MAE HONG SON,9/2/2017,24.3,33,WSW,18.53,16:22:00,33.1,747.8,11/13/2020 7:44
45817,45817,MAE HONG SON,9/3/2017,23.8,32.7,SE,9.27,20:25:00,,747.8,11/13/2020 7:44
46023,46023,MAE HONG SON,9/5/2017,25.1,33.4,SE,12.97,10:29:00,,747.8,11/13/2020 7:44
46130,46130,MAE HONG SON,9/6/2017,24.8,34,E,14.83,14:18:00,2.3,750.1,11/13/2020 7:44
46238,46238,MAE HONG SON,9/7/2017,24,33,N,12.97,13:34:00,3.8,753.9,11/13/2020 7:44
46341,46341,MAE HONG SON,9/8/2017,24.3,33.5,SSW,14.83,17:23:00,18.7,772.6,11/13/2020 7:44
46445,46445,MAE HONG SON,9/9/2017,24.8,32.3,WSW,14.83,20:05:00,9.9,782.5,11/13/2020 7:44
46553,46553,MAE HONG SON,9/10/2017,24,30.2,E,11.12,19:35:00,1.7,784.2,11/13/2020 7:44
46661,46661,MAE HONG SON,9/12/2017,22.7,34,NW,11.12,13:18:00,9.1,805.8,11/13/2020 7:44
46767,46767,MAE HONG SON,9/13/2017,22.9,34.2,SE,11.12,13:08:00,,805.8,11/13/2020 7:44
46873,46873,MAE HONG SON,9/14/2017,24,35.5,WNW,14.83,12:59:00,,805.8,11/13/2020 7:44
46980,46980,MAE HONG SON,9/15/2017,24.9,34.2,NW,20.39,14:23:00,,805.8,11/13/2020 7:44
47192,47192,MAE HONG SON,9/17/2017,23.6,31.6,W,14.83,14:47:00,45,903.7,11/13/2020 7:44
47288,47288,MAE HONG SON,9/18/2017,23.3,30,NW,14.83,13:11:00,1,904.7,11/13/2020 7:44
47396,47396,MAE HONG SON,9/19/2017,23.5,31.5,SSE,14.83,16:05:00,0.4,905.1,11/13/2020 7:44
47599,47599,MAE HONG SON,9/21/2017,23.5,34.6,SSE,11.12,14:24:00,,905.1,11/13/2020 7:44
47701,47701,MAE HONG SON,9/22/2017,24.8,34.5,SE,31.51,14:42:00,8.4,913.5,11/13/2020 7:44
47798,47798,MAE HONG SON,9/23/2017,23.5,33.1,ENE,11.12,12:20:00,0.2,913.7,11/13/2020 7:44
47902,47902,MAE HONG SON,9/24/2017,24.5,34,SE,16.68,14:20:00,0.2,913.9,11/13/2020 7:44
48009,48009,MAE HONG SON,9/26/2017,24.3,31.4,ESE,20.39,13:46:00,16.4,930.8,11/13/2020 7:44
48110,48110,MAE HONG SON,9/27/2017,23.3,32.1,SE,12.97,17:04:00,18.7,949.5,11/13/2020 7:44
48219,48219,MAE HONG SON,9/28/2017,23,32.7,W,14.83,11:50:00,,949.5,11/13/2020 7:44
48320,48320,MAE HONG SON,9/29/2017,23.6,32.2,NE,16.68,12:00:00,0.1,949.6,11/13/2020 7:44
48423,48423,MAE HONG SON,9/30/2017,22.5,33,ESE,16.68,15:07:00,,949.6,11/13/2020 7:44
48628,48628,MAE HONG SON,10/2/2017,24,33.2,W,11.12,12:30:00,,953.6,11/13/2020 7:44
48732,48732,MAE HONG SON,10/3/2017,24.2,31.2,NW,20.39,16:12:00,0.9,954.5,11/13/2020 7:44
48942,48942,MAE HONG SON,10/5/2017,23.1,32.7,SSE,22.24,15:49:00,16.6,972.5,11/13/2020 7:44
49046,49046,MAE HONG SON,10/6/2017,23.7,33,N,14.83,10:27:00,53.8,1026.3,11/13/2020 7:44
49249,49249,MAE HONG SON,10/8/2017,22.5,32.6,NNE,16.68,13:29:00,5.5,1031.8,11/13/2020 7:44
49357,49357,MAE HONG SON,10/9/2017,23.6,35,SSE,11.12,9:24:00,,1031.8,11/13/2020 7:44
49464,49464,MAE HONG SON,10/10/2017,23.7,36.6,E,37.07,17:38:00,16.3,1048.1,11/13/2020 7:44
49570,49570,MAE HONG SON,10/11/2017,22.6,30.1,SSE,16.68,14:35:00,6.2,1054.3,11/13/2020 7:44
49774,49774,MAE HONG SON,10/13/2017,23.6,34.2,WNW,27.8,19:25:00,17.2,1071.5,11/13/2020 7:44
49988,49988,MAE HONG SON,10/15/2017,23.4,33.7,ESE,12.97,11:33:00,0.2,1107.7,11/13/2020 7:44
50092,50092,MAE HONG SON,10/16/2017,23.3,34.8,ESE,16.68,18:54:00,9.8,1117.5,11/13/2020 7:44
50198,50198,MAE HONG SON,10/17/2017,23.2,32.5,S,18.53,15:24:00,1.6,1119.1,11/13/2020 7:44
50301,50301,MAE HONG SON,10/18/2017,23.2,30.3,ESE,9.27,15:01:00,,1119.1,11/13/2020 7:44
50508,50508,MAE HONG SON,10/20/2017,22.9,32.1,SE,11.12,11:42:00,,1121.1,11/13/2020 7:44
50826,50826,MAE HONG SON,10/23/2017,23.4,31.6,NE,11.12,10:51:00,0.6,1130.7,11/13/2020 7:44
50927,50927,MAE HONG SON,10/24/2017,23.2,32.1,E,14.83,11:58:00,,1130.7,11/13/2020 7:44
51033,51033,MAE HONG SON,10/25/2017,22.6,32.7,SE,20.39,20:52:00,35.9,1166.6,11/13/2020 7:44
51137,51137,MAE HONG SON,10/26/2017,22.1,31.6,NE,29.65,19:15:00,45.6,1212.2,11/13/2020 7:44
51238,51238,MAE HONG SON,10/27/2017,22.6,32.5,ESE,12.97,18:00:00,,1212.2,11/13/2020 7:44
51341,51341,MAE HONG SON,10/28/2017,22.9,32.3,NE,25.95,16:14:00,0.3,1212.5,11/13/2020 7:44
51446,51446,MAE HONG SON,10/29/2017,22.7,33.6,N,22.24,14:52:00,,1212.5,11/13/2020 7:44
51556,51556,MAE HONG SON,10/30/2017,20,32,NNE,20.39,15:18:00,,1212.5,11/13/2020 7:44
51659,51659,MAE HONG SON,10/31/2017,16.9,29,W,12.97,13:01:00,,1212.5,11/13/2020 7:44
51773,51773,MAE HONG SON,11/1/2017,17.7,30.4,SSE,12.97,18:35:00,,1212.5,11/13/2020 7:44
51878,51878,MAE HONG SON,11/2/2017,18.1,29.9,WSW,11.12,13:12:00,,1212.5,11/13/2020 7:44
51987,51987,MAE HONG SON,11/3/2017,20.6,30.4,W,12.97,12:50:00,,1212.5,11/13/2020 7:44
52205,52205,MAE HONG SON,11/5/2017,17,31.2,NW,16.68,14:50:00,,1212.5,11/13/2020 7:44
52310,52310,MAE HONG SON,11/6/2017,19.3,28,SSE,7.41,11:50:00,,1212.5,11/13/2020 7:44
52417,52417,MAE HONG SON,11/7/2017,20.1,29.7,NW,9.27,9:54:00,,1212.5,11/13/2020 7:44
52523,52523,MAE HONG SON,11/8/2017,21.4,30.6,N,12.97,14:50:00,0.4,1212.9,11/13/2020 7:44
52631,52631,MAE HONG SON,11/9/2017,21.2,29.2,NW,12.97,14:31:00,1.4,1214.3,11/13/2020 7:44
52740,52740,MAE HONG SON,11/10/2017,22,31.6,WNW,14.83,19:47:00,,1214.3,11/13/2020 7:44
52955,52955,MAE HONG SON,11/12/2017,21.2,31.1,SE,16.68,11:05:00,,1214.3,11/13/2020 7:44
53060,53060,MAE HONG SON,11/13/2017,22.2,31.7,ENE,14.83,17:15:00,,1214.3,11/13/2020 7:44
53172,53172,MAE HONG SON,11/14/2017,21.7,32.2,E,12.97,17:36:00,,1214.3,11/13/2020 7:44
53278,53278,MAE HONG SON,11/15/2017,22.4,33.6,E,22.24,16:09:00,1.6,1215.9,11/13/2020 7:44
53382,53382,MAE HONG SON,11/16/2017,22.1,32.4,ESE,9.27,,,1215.9,11/13/2020 7:44
53490,53490,MAE HONG SON,11/17/2017,21.4,31.1,ENE,12.97,14:18:00,,1215.9,11/13/2020 7:44
53700,53700,MAE HONG SON,11/19/2017,22.5,32,NNE,11.12,9:00:00,,1215.9,11/13/2020 7:44
53811,53811,MAE HONG SON,11/20/2017,21.9,31.7,ESE,12.97,17:32:00,,1215.9,11/13/2020 7:44
53915,53915,MAE HONG SON,11/21/2017,21.6,32,SSE,18.53,18:08:00,,1215.9,11/13/2020 7:44
54019,54019,MAE HONG SON,11/22/2017,21.9,31.4,NE,14.83,12:33:00,9.7,1225.6,11/13/2020 7:44
54130,54130,MAE HONG SON,11/23/2017,22,30.5,WNW,11.12,15:02:00,9,1234.6,11/13/2020 7:44
54239,54239,MAE HONG SON,11/24/2017,21.9,29.8,W,11.12,13:15:00,,1234.6,11/13/2020 7:44
54347,54347,MAE HONG SON,11/25/2017,22,29.9,N,16.68,12:58:00,24.1,1258.7,11/13/2020 7:44
54454,54454,MAE HONG SON,11/26/2017,22.5,29.5,E,16.68,21:27:00,3.8,1262.5,11/13/2020 7:44
54560,54560,MAE HONG SON,11/27/2017,20.4,29.2,SE,11.12,13:48:00,,1262.5,11/13/2020 7:44
54669,54669,MAE HONG SON,11/28/2017,20.4,28.7,E,12.97,18:38:00,,1262.5,11/13/2020 7:44
54777,54777,MAE HONG SON,11/29/2017,17.7,27.5,ESE,12.97,18:37:00,,1262.5,11/13/2020 7:44
54991,54991,MAE HONG SON,12/2/2017,16.8,29.1,N,22.24,7:19:00,,1262.5,11/13/2020 7:44
55106,55106,MAE HONG SON,12/3/2017,17.2,28.2,NW,22.24,13:13:00,,1262.5,11/13/2020 7:44
55211,55211,MAE HONG SON,12/4/2017,17.3,28.3,SSE,11.12,10:29:00,,1262.5,11/13/2020 7:44
55320,55320,MAE HONG SON,12/5/2017,16.2,27.9,E,22.24,17:41:00,,1262.5,11/13/2020 7:44
55430,55430,MAE HONG SON,12/6/2017,17.4,28,ENE,27.8,10:13:00,,1262.5,11/13/2020 7:44
55540,55540,MAE HONG SON,12/7/2017,18.9,28.4,SE,22.24,11:05:00,,1262.5,11/13/2020 7:44
55754,55754,MAE HONG SON,12/9/2017,21.6,30.6,SE,12.97,12:55:00,,1266.9,11/13/2020 7:44
55864,55864,MAE HONG SON,12/10/2017,22.1,29.5,SE,11.12,18:00:00,,1266.9,11/13/2020 7:44
55975,55975,MAE HONG SON,12/11/2017,22.3,29.7,NNE,14.83,12:26:00,,1266.9,11/13/2020 7:44
56084,56084,MAE HONG SON,12/12/2017,21.6,30,ESE,12.97,18:12:00,,1266.9,11/13/2020 7:44
56197,56197,MAE HONG SON,12/13/2017,20,28.6,ESE,14.83,18:08:00,,1266.9,11/13/2020 7:44
56302,56302,MAE HONG SON,12/14/2017,17.4,26.5,SSE,12.97,17:18:00,,1266.9,11/13/2020 7:44
56414,56414,MAE HONG SON,12/15/2017,14,26.6,ESE,12.97,18:08:00,,1266.9,11/13/2020 7:44
56524,56524,MAE HONG SON,12/16/2017,14.1,27.3,WNW,11.12,11:04:00,,1266.9,11/13/2020 7:44
56745,56745,MAE HONG SON,12/20/2017,10.8,25.2,NNE,24.09,13:05:00,,1266.9,11/13/2020 7:44
56964,56964,MAE HONG SON,12/22/2017,8.5,24,SE,12.97,17:40:00,,1266.9,11/13/2020 7:44
57073,57073,MAE HONG SON,12/23/2017,10.9,25.5,SE,11.12,18:00:00,,1266.9,11/13/2020 7:44
57183,57183,MAE HONG SON,12/24/2017,12.2,26.2,ESE,14.83,18:05:00,,1266.9,11/13/2020 7:44
57287,57287,MAE HONG SON,12/25/2017,14.7,27.8,W,11.12,14:04:00,,1266.9,11/13/2020 7:44
57399,57399,MAE HONG SON,12/26/2017,15,26.3,SE,11.12,15:53:00,,1266.9,11/13/2020 7:44
57501,57501,MAE HONG SON,12/27/2017,16,20.6,NW,12.97,15:03:00,13.7,1280.6,11/13/2020 7:44
57605,57605,MAE HONG SON,12/28/2017,17.5,26.8,NW,9.27,12:59:00,,1280.6,11/13/2020 7:44
57712,57712,MAE HONG SON,12/29/2017,19.5,25.5,W,14.83,11:26:00,4.2,1284.8,11/13/2020 7:44
57819,57819,MAE HONG SON,12/30/2017,19.4,28.2,E,12.97,14:35:00,,1284.8,11/13/2020 7:44
57930,57929,MAE HONG SON,12/31/2017,19.6,29.5,N,16.68,21:53:00,0.1,1284.9,11/13/2020 7:44
58036,58035,MAE HONG SON,1/1/2018,20.7,28.9,NNE,14.83,19:25:00,,0,11/13/2020 7:44
58144,58143,MAE HONG SON,1/2/2018,18.9,28.7,E,18.53,11:25:00,,0,11/13/2020 7:44
58255,58254,MAE HONG SON,1/3/2018,19.2,24.5,N,5.56,16:44:00,1.5,1.5,11/13/2020 7:44
58364,58363,MAE HONG SON,1/4/2018,20,26.5,W,11.12,13:33:00,1.4,2.9,11/13/2020 7:44
58476,58475,MAE HONG SON,1/5/2018,19.2,24.3,NNW,7.41,13:42:00,1.9,4.8,11/13/2020 7:44
58688,58687,MAE HONG SON,1/7/2018,20.6,28.2,W,12.97,13:40:00,0.1,5.4,11/13/2020 7:44
58797,58796,MAE HONG SON,1/8/2018,21.9,30.1,SE,11.12,17:44:00,,5.4,11/13/2020 7:44
58909,58908,MAE HONG SON,1/9/2018,21.9,31.1,ESE,12.97,18:54:00,,5.4,11/13/2020 7:44
59011,59010,MAE HONG SON,1/10/2018,20.9,30.7,W,12.97,14:00:00,,5.4,11/13/2020 7:44
59118,59117,MAE HONG SON,1/11/2018,19.1,30.7,WNW,14.83,15:38:00,,5.4,11/13/2020 7:44
59219,59218,MAE HONG SON,1/12/2018,16.7,28.7,N,22.24,16:58:00,,5.4,11/13/2020 7:44
59329,59328,MAE HONG SON,1/13/2018,16.1,26.1,NE,18.53,15:22:00,,5.4,11/13/2020 7:44
59435,59434,MAE HONG SON,1/14/2018,16.4,26.7,W,14.83,12:46:00,,5.4,11/13/2020 7:44
59550,59549,MAE HONG SON,1/15/2018,17.3,28,ESE,12.97,14:06:00,,5.4,11/13/2020 7:44
59665,59664,MAE HONG SON,1/16/2018,15.5,27.5,W,12.97,15:04:00,,5.4,11/13/2020 7:44
59775,59774,MAE HONG SON,1/17/2018,15.4,28.6,SE,16.68,15:05:00,,5.4,11/13/2020 7:44
59986,59985,MAE HONG SON,1/19/2018,14.4,28.1,ESE,14.83,18:11:00,,5.4,11/13/2020 7:44
60096,60095,MAE HONG SON,1/20/2018,15,28.6,SE,14.83,19:11:00,,5.4,11/13/2020 7:44
60206,60205,MAE HONG SON,1/21/2018,13.1,29.2,SE,16.68,18:50:00,,5.4,11/13/2020 7:44
60313,60312,MAE HONG SON,1/22/2018,10.6,28.6,SE,16.68,18:58:00,,5.4,11/13/2020 7:44
60422,60421,MAE HONG SON,1/23/2018,10.7,29.2,ESE,12.97,18:11:00,,5.4,11/13/2020 7:44
60531,60530,MAE HONG SON,1/24/2018,11,28.2,E,14.83,18:11:00,,5.4,11/13/2020 7:44
60633,60632,MAE HONG SON,1/25/2018,11.6,29.8,SE,14.83,18:49:00,,5.4,11/13/2020 7:44
60843,60842,MAE HONG SON,1/27/2018,16.9,32,SSE,16.68,15:17:00,,5.4,11/13/2020 7:44
60952,60951,MAE HONG SON,1/29/2018,13.1,31,W,16.68,14:56:00,,5.4,11/13/2020 7:44
61059,61058,MAE HONG SON,1/30/2018,13.2,30.3,W,14.83,14:06:00,,5.4,11/13/2020 7:44
61166,61165,MAE HONG SON,1/31/2018,10.1,29,W,12.97,14:01:00,,5.4,11/13/2020 7:44
61277,61276,MAE HONG SON,2/1/2018,9.3,29.4,W,14.83,13:36:00,,5.4,11/13/2020 7:44
61392,61391,MAE HONG SON,2/2/2018,8.4,29.1,W,16.68,13:54:00,,5.4,11/13/2020 7:44
61501,61500,MAE HONG SON,2/3/2018,10.7,29.8,W,16.68,14:18:00,,5.4,11/13/2020 7:44
61719,61718,MAE HONG SON,2/5/2018,14.3,30.6,WNW,14.83,14:45:00,,5.4,11/13/2020 7:44
61830,61829,MAE HONG SON,2/6/2018,13.6,30.7,WNW,14.83,14:24:00,,5.4,11/13/2020 7:44
62049,62048,MAE HONG SON,2/8/2018,14.5,31.1,ESE,14.83,14:04:00,,5.4,11/13/2020 7:44
62264,62263,MAE HONG SON,2/10/2018,15.4,31.8,W,16.68,14:42:00,,5.4,11/13/2020 7:44
62373,62372,MAE HONG SON,2/11/2018,13.7,32.3,SE,16.68,18:47:00,,5.4,11/13/2020 7:44
62481,62480,MAE HONG SON,2/12/2018,14.4,32.2,S,14.83,18:46:00,,5.4,11/13/2020 7:44
62709,62708,MAE HONG SON,2/14/2018,16.2,33,SE,16.68,18:41:00,,5.4,11/13/2020 7:44
62821,62820,MAE HONG SON,2/15/2018,16,33.7,NW,9.27,,,5.4,11/13/2020 7:44
62935,62934,MAE HONG SON,2/16/2018,14.2,33.5,SE,16.68,19:02:00,,5.4,11/13/2020 7:44
63049,63048,MAE HONG SON,2/17/2018,11.1,33.4,W,18.53,14:03:00,,5.4,11/13/2020 7:44
63166,63165,MAE HONG SON,2/18/2018,10.2,33.7,E,14.83,19:28:00,,5.4,11/13/2020 7:44
63320,63319,MAE HONG SON,2/20/2018,13,33.7,SE,18.53,18:31:00,,5.4,11/13/2020 7:44
63432,63431,MAE HONG SON,2/21/2018,13.7,34.6,E,16.68,19:09:00,,5.4,11/13/2020 7:44
63541,63540,MAE HONG SON,2/22/2018,15.7,35.3,SSE,18.53,19:00:00,,5.4,11/13/2020 7:44
63645,63644,MAE HONG SON,2/23/2018,16.7,35.8,W,16.68,14:23:00,,5.4,11/13/2020 7:44
63755,63754,MAE HONG SON,2/24/2018,16.6,35.9,W,18.53,14:20:00,,5.4,11/13/2020 7:44
63863,63862,MAE HONG SON,2/25/2018,15.6,36,ESE,18.53,18:27:00,,5.4,11/13/2020 7:44
63978,63977,MAE HONG SON,2/26/2018,14.4,35.5,W,14.83,16:22:00,,5.4,11/13/2020 7:44
64088,64087,MAE HONG SON,2/27/2018,14.7,35.1,ESE,12.97,18:40:00,,5.4,11/13/2020 7:44
64193,64192,MAE HONG SON,2/28/2018,14,34.2,SE,16.68,18:22:00,,5.4,11/13/2020 7:44
64303,64302,MAE HONG SON,3/1/2018,14.3,35.2,SSE,14.83,,,5.4,11/13/2020 7:44
64414,64413,MAE HONG SON,3/2/2018,15.2,35.2,SE,18.53,15:38:00,,5.4,11/13/2020 7:44
64522,64521,MAE HONG SON,3/3/2018,15.1,35.4,SSE,14.83,18:38:00,,5.4,11/13/2020 7:44
64634,64633,MAE HONG SON,3/4/2018,14.7,36.5,ESE,16.68,19:27:00,,5.4,11/13/2020 7:44
64750,64749,MAE HONG SON,3/5/2018,14.7,37,SE,16.68,18:46:00,,5.4,11/13/2020 7:44
64864,64863,MAE HONG SON,3/6/2018,16.4,37,ESE,14.83,18:38:00,,5.4,11/13/2020 7:44
64971,64970,MAE HONG SON,3/7/2018,15.5,37.6,SE,16.68,18:29:00,,5.4,11/13/2020 7:44
65081,65080,MAE HONG SON,3/8/2018,15,36.9,SSE,12.97,19:13:00,,5.4,11/13/2020 7:44
65190,65189,MAE HONG SON,3/9/2018,14.6,37,SE,12.97,18:24:00,1,6.4,11/13/2020 7:44
65300,65299,MAE HONG SON,3/10/2018,19.7,36.2,SE,22.24,19:03:00,,6.4,11/13/2020 7:44
65411,65410,MAE HONG SON,3/11/2018,21,36.4,SSE,22.24,19:46:00,0.1,6.5,11/13/2020 7:44
65634,65633,MAE HONG SON,3/13/2018,15.9,35.6,ESE,14.83,20:37:00,,6.5,11/13/2020 7:44
65744,65743,MAE HONG SON,3/14/2018,15.7,36.2,W,18.53,14:09:00,,6.5,11/13/2020 7:44
65966,65965,MAE HONG SON,3/16/2018,16.6,36.7,SSE,14.83,18:45:00,,6.5,11/13/2020 7:44
66190,66189,MAE HONG SON,3/18/2018,18.8,36.6,W,20.39,15:42:00,,6.5,11/13/2020 7:44
66297,66296,MAE HONG SON,3/19/2018,17.5,37.3,S,16.68,15:53:00,,6.5,11/13/2020 7:44
66407,66406,MAE HONG SON,3/20/2018,17,37.6,SE,14.83,18:59:00,,6.5,11/13/2020 7:44
66519,66518,MAE HONG SON,3/21/2018,16.7,37.7,W,18.53,16:08:00,,6.5,11/13/2020 7:44
66632,66631,MAE HONG SON,3/22/2018,17.1,38.2,SSE,20.39,13:32:00,,6.5,11/13/2020 7:44
66859,66858,MAE HONG SON,3/24/2018,16.2,38,WNW,16.68,15:19:00,,6.5,11/13/2020 7:44
66966,66965,MAE HONG SON,3/25/2018,18.2,37.9,E,16.68,19:39:00,,6.5,11/13/2020 7:44
67078,67077,MAE HONG SON,3/26/2018,18.6,37.5,W,14.83,13:31:00,,6.5,11/13/2020 7:44
67185,67184,MAE HONG SON,3/27/2018,18.3,37.3,SSE,18.53,13:36:00,,6.5,11/13/2020 7:44
67299,67298,MAE HONG SON,3/28/2018,19.2,37.3,SE,14.83,12:45:00,,6.5,11/13/2020 7:44
67407,67406,MAE HONG SON,3/29/2018,20,37.1,SSE,12.97,19:24:00,,6.5,11/13/2020 7:44
67519,67518,MAE HONG SON,3/30/2018,20.7,36.8,SE,14.83,20:05:00,,6.5,11/13/2020 7:44
67630,67629,MAE HONG SON,3/31/2018,22.7,36.8,ESE,25.95,18:05:00,6.4,12.9,11/13/2020 7:44
67737,67736,MAE HONG SON,4/1/2018,21.4,37,SSE,12.97,18:25:00,,12.9,11/13/2020 7:44
67847,67846,MAE HONG SON,4/2/2018,19.9,34.2,,24.09,20:26:00,,12.9,11/13/2020 7:44
67958,67957,MAE HONG SON,4/3/2018,19.6,37,W,14.83,14:45:00,,12.9,11/13/2020 7:44
68071,68070,MAE HONG SON,4/4/2018,21,37.4,SE,14.83,17:16:00,,12.9,11/13/2020 7:44
68180,68179,MAE HONG SON,4/5/2018,20.8,38.1,SSE,16.68,14:50:00,0.6,13.5,11/13/2020 7:44
68289,68288,MAE HONG SON,4/6/2018,20.6,38.9,WNW,14.83,14:16:00,,13.5,11/13/2020 7:44
68398,68397,MAE HONG SON,4/7/2018,19.8,37.2,E,24.09,19:03:00,0.1,13.6,11/13/2020 7:44
68612,68611,MAE HONG SON,4/9/2018,18.1,37.1,W,16.68,12:19:00,,13.6,11/13/2020 7:44
68723,68722,MAE HONG SON,4/10/2018,20,38.6,SSE,24.09,20:23:00,3.7,17.3,11/13/2020 7:44
68835,68834,MAE HONG SON,4/11/2018,20.5,38.5,NNE,29.65,19:34:00,,17.3,11/13/2020 7:44
68949,68948,MAE HONG SON,4/12/2018,20.5,39.7,W,16.68,15:22:00,,17.3,11/13/2020 7:44
69062,69061,MAE HONG SON,4/13/2018,21.3,40,SSE,18.53,12:33:00,,17.3,11/13/2020 7:44
69287,69286,MAE HONG SON,4/15/2018,21.6,38.4,NW,16.68,,,17.3,11/13/2020 7:44
69399,69398,MAE HONG SON,4/16/2018,20.4,40.4,WNW,27.8,17:58:00,2.5,19.8,11/13/2020 7:44
69511,69510,MAE HONG SON,4/17/2018,20.6,38.2,W,38.92,15:47:00,4.5,24.3,11/13/2020 7:44
69619,69618,MAE HONG SON,4/18/2018,19.8,37.4,ESE,16.68,19:14:00,,24.3,11/13/2020 7:44
69731,69730,MAE HONG SON,4/19/2018,21,38.6,NNE,31.51,17:13:00,,24.3,11/13/2020 7:44
69955,69954,MAE HONG SON,4/21/2018,20.7,39.3,SE,20.39,14:05:00,,24.3,11/13/2020 7:44
70069,70068,MAE HONG SON,4/22/2018,22.2,40.4,W,18.53,13:41:00,,24.3,11/13/2020 7:44
70181,70180,MAE HONG SON,4/23/2018,23.8,40.6,WNW,14.83,15:16:00,,24.3,11/13/2020 7:44
70399,70398,MAE HONG SON,4/25/2018,24.1,39.6,NW,33.36,18:17:00,,24.3,11/13/2020 7:44
70506,70505,MAE HONG SON,4/26/2018,23.3,39.2,WNW,18.53,11:30:00,,24.3,11/13/2020 7:44
70613,70612,MAE HONG SON,4/28/2018,20.5,38.1,SSE,20.39,14:59:00,,24.9,11/13/2020 7:44
70718,70717,MAE HONG SON,4/29/2018,21.4,38,SE,24.09,17:30:00,32.6,57.5,11/13/2020 7:44
70823,70822,MAE HONG SON,4/30/2018,20,36.7,SE,18.53,21:27:00,0.5,58,11/13/2020 7:44
70933,70932,MAE HONG SON,5/1/2018,22.8,37,ESE,22.24,16:18:00,20.1,78.1,11/13/2020 7:44
71149,71148,MAE HONG SON,5/3/2018,21,35.7,W,12.97,12:03:00,,99.2,11/13/2020 7:44
71364,71363,MAE HONG SON,5/5/2018,21.4,37,W,16.68,14:43:00,,102.7,11/13/2020 7:44
71583,71582,MAE HONG SON,5/7/2018,22.1,37.5,NNE,25.95,18:29:00,,102.7,11/13/2020 7:44
71697,71696,MAE HONG SON,5/8/2018,22.2,37.1,W,29.65,17:19:00,,102.7,11/13/2020 7:44
71926,71925,MAE HONG SON,5/10/2018,22.7,38.9,E,22.24,22:29:00,5.8,108.5,11/13/2020 7:44
72029,72028,MAE HONG SON,5/11/2018,21,34.5,SSE,11.12,14:44:00,,108.5,11/13/2020 7:44
72135,72134,MAE HONG SON,5/12/2018,22.4,36.5,E,33.36,21:40:00,18.6,127.1,11/13/2020 7:44
72243,72242,MAE HONG SON,5/13/2018,20,34.2,SE,14.83,19:26:00,14.5,141.6,11/13/2020 7:44
72350,72349,MAE HONG SON,5/14/2018,19.8,35.7,W,31.51,15:30:00,,141.6,11/13/2020 7:44
72566,72565,MAE HONG SON,5/16/2018,21,36.7,W,16.68,14:30:00,,141.6,11/13/2020 7:44
72674,72673,MAE HONG SON,5/17/2018,24.8,33.9,ESE,16.68,14:30:00,2,143.6,11/13/2020 7:44
72785,72784,MAE HONG SON,5/18/2018,24.3,36.6,SE,25.95,21:49:00,,143.6,11/13/2020 7:44
72893,72892,MAE HONG SON,5/19/2018,24.3,37.4,SSE,16.68,15:43:00,,143.6,11/13/2020 7:44
72999,72998,MAE HONG SON,5/20/2018,25,38.3,SSE,14.83,13:54:00,,143.6,11/13/2020 7:44
73110,73109,MAE HONG SON,5/21/2018,25.1,37.4,SSW,25.95,17:20:00,,143.6,11/13/2020 7:44
73217,73216,MAE HONG SON,5/22/2018,24.1,35.6,SE,24.09,13:52:00,,143.6,11/13/2020 7:44
73323,73322,MAE HONG SON,5/23/2018,24,39,E,14.83,13:31:00,20.6,164.2,11/13/2020 7:44
73432,73431,MAE HONG SON,5/24/2018,24.6,35.6,WNW,20.39,17:48:00,1.4,165.6,11/13/2020 7:44
73644,73643,MAE HONG SON,5/26/2018,25.4,38.8,SSE,37.07,21:28:00,34.6,200.2,11/13/2020 7:44
73857,73856,MAE HONG SON,5/28/2018,24.6,31.6,SSE,24.09,14:19:00,4.7,205.2,11/13/2020 7:44
73963,73962,MAE HONG SON,5/29/2018,23.1,31.2,S,22.24,17:34:00,7.8,213,11/13/2020 7:44
74077,74076,MAE HONG SON,5/30/2018,23.4,30,SSE,20.39,15:27:00,1.2,214.2,11/13/2020 7:44
74291,74290,MAE HONG SON,6/1/2018,24.4,34.6,SE,14.83,14:36:00,0.7,215.7,11/13/2020 7:44
74513,74512,MAE HONG SON,6/3/2018,24.6,36.2,SSW,14.83,11:50:00,,215.7,11/13/2020 7:44
74621,74620,MAE HONG SON,6/4/2018,24.3,36.4,W,14.83,12:32:00,,215.7,11/13/2020 7:44
74724,74723,MAE HONG SON,6/5/2018,25.2,38.7,W,16.68,14:06:00,,215.7,11/13/2020 7:44
74942,74941,MAE HONG SON,6/7/2018,26.5,36.1,SSW,27.8,17:08:00,0.1,215.8,11/13/2020 7:44
75050,75049,MAE HONG SON,6/8/2018,24.1,34.5,SSE,20.39,13:19:00,0.7,216.5,11/13/2020 7:44
75161,75160,MAE HONG SON,6/9/2018,24.5,31.2,SE,14.83,16:22:00,6.3,222.8,11/13/2020 7:44
75372,75371,MAE HONG SON,6/11/2018,23.8,30.5,SSE,25.95,13:12:00,11.3,248.9,11/13/2020 7:44
75585,75584,MAE HONG SON,6/13/2018,24,30.5,ESE,22.24,16:00:00,2.9,256.7,11/13/2020 7:44
75800,75799,MAE HONG SON,6/15/2018,24.3,33.6,SE,16.68,13:07:00,1.3,259.2,11/13/2020 7:44
76012,76011,MAE HONG SON,6/17/2018,24.6,35.8,SE,16.68,19:36:00,,259.7,11/13/2020 7:44
76229,76228,MAE HONG SON,6/19/2018,24.1,34.1,W,12.97,12:39:00,0.4,322.1,11/13/2020 7:44
76448,76447,MAE HONG SON,6/21/2018,24.1,31.8,S,22.24,18:06:00,35.3,359.5,11/13/2020 7:44
76664,76663,MAE HONG SON,6/23/2018,23.3,32,SE,20.39,20:27:00,0.6,368.5,11/13/2020 7:44
76884,76883,MAE HONG SON,6/25/2018,23.2,29.8,SSE,11.12,19:04:00,2.4,381,11/13/2020 7:44
77100,77099,MAE HONG SON,6/27/2018,23.5,32.5,W,12.97,11:35:00,0.9,391.2,11/13/2020 7:44
77206,77205,MAE HONG SON,6/28/2018,23.6,33,W,24.09,18:01:00,19.6,410.8,11/13/2020 7:44
77313,77312,MAE HONG SON,6/29/2018,23.4,32.1,SSE,16.68,11:47:00,0.7,411.5,11/13/2020 7:44
77531,77530,MAE HONG SON,7/1/2018,24.6,34.2,NE,12.97,14:34:00,6.2,417.7,11/13/2020 7:44
77637,77636,MAE HONG SON,7/2/2018,23.3,33.8,W,14.83,15:09:00,,417.7,11/13/2020 7:44
77745,77744,MAE HONG SON,7/3/2018,24.3,32.5,W,22.24,18:28:00,8.3,426,11/13/2020 7:44
77961,77960,MAE HONG SON,7/5/2018,23.6,33.7,ESE,16.68,22:29:00,0.1,463.8,11/13/2020 7:44
78069,78068,MAE HONG SON,7/6/2018,24.6,32.5,S,14.83,18:08:00,18,481.8,11/13/2020 7:44
78178,78177,MAE HONG SON,7/7/2018,23.7,31.5,SE,20.39,20:45:00,17.5,499.3,11/13/2020 7:44
78294,78293,MAE HONG SON,7/8/2018,23.6,29.6,S,16.68,14:45:00,7.2,506.5,11/13/2020 7:44
78403,78402,MAE HONG SON,7/9/2018,23,31.6,SSE,18.53,18:54:00,13,519.5,11/13/2020 7:44
78507,78506,MAE HONG SON,7/10/2018,23.2,32.2,SE,14.83,13:11:00,,519.5,11/13/2020 7:44
78612,78611,MAE HONG SON,7/11/2018,23.7,32.1,SSE,14.83,,,519.5,11/13/2020 7:44
78827,78826,MAE HONG SON,7/13/2018,24.2,34,E,18.53,14:03:00,0.1,519.6,11/13/2020 7:44
78932,78931,MAE HONG SON,7/14/2018,24.5,30.5,W,14.83,12:39:00,5.2,524.8,11/13/2020 7:44
79044,79043,MAE HONG SON,7/15/2018,23.7,32.7,W,16.68,11:49:00,0.8,525.6,11/13/2020 7:44
79152,79151,MAE HONG SON,7/16/2018,23.2,32.4,SSE,14.83,17:52:00,,525.6,11/13/2020 7:44
79259,79258,MAE HONG SON,7/17/2018,24.5,34,SSE,16.68,16:28:00,32,557.6,11/13/2020 7:44
79472,79471,MAE HONG SON,7/19/2018,24.1,34.4,SSE,14.83,17:36:00,6.7,566.5,11/13/2020 7:44
79583,79582,MAE HONG SON,7/20/2018,23.8,29.4,SSW,16.68,12:42:00,15.7,582.2,11/13/2020 7:44
79693,79692,MAE HONG SON,7/21/2018,23.7,30.7,SSW,12.97,20:12:00,7.1,589.3,11/13/2020 7:44
79799,79798,MAE HONG SON,7/22/2018,23.2,29.3,S,12.97,16:57:00,24.6,613.9,11/13/2020 7:44
80015,80014,MAE HONG SON,7/24/2018,23.2,29.1,ESE,14.83,11:38:00,8.7,623.4,11/13/2020 7:44
80125,80124,MAE HONG SON,7/25/2018,23.3,27.6,SSE,11.12,18:17:00,5.3,628.7,11/13/2020 7:44
80231,80230,MAE HONG SON,7/26/2018,23.1,28.9,SE,14.83,,7.9,636.6,11/13/2020 7:44
80341,80340,MAE HONG SON,7/27/2018,22.5,28.1,SSE,12.97,22:03:00,4.1,640.7,11/13/2020 7:44
80450,80449,MAE HONG SON,7/28/2018,22.6,29,ESE,14.83,14:40:00,9.2,649.9,11/13/2020 7:44
80564,80563,MAE HONG SON,7/29/2018,23,31.5,WNW,12.97,15:04:00,10.1,660,11/13/2020 7:44
80672,80671,MAE HONG SON,7/30/2018,23.5,32,ESE,18.53,12:57:00,22,682,11/13/2020 7:44
80782,80781,MAE HONG SON,7/31/2018,23.2,30.7,SE,18.53,16:14:00,2.2,684.2,11/13/2020 7:44
81003,81002,MAE HONG SON,8/2/2018,23,31.6,E,18.53,18:55:00,,696,11/13/2020 7:44
81114,81113,MAE HONG SON,8/3/2018,23.5,33,SSE,16.68,11:55:00,7.9,703.9,11/13/2020 7:44
81226,81225,MAE HONG SON,8/4/2018,23.5,28.1,N,9.27,12:30:00,0.1,704,11/13/2020 7:44
81334,81333,MAE HONG SON,8/5/2018,23.4,31.1,ESE,24.09,17:57:00,1.7,705.7,11/13/2020 7:44
81442,81441,MAE HONG SON,8/6/2018,23.7,31.5,E,18.53,13:57:00,0.2,705.9,11/13/2020 7:44
81658,81657,MAE HONG SON,8/8/2018,23.3,32.5,S,12.97,20:35:00,,705.9,11/13/2020 7:44
81876,81875,MAE HONG SON,8/10/2018,23.7,33.5,SE,12.97,12:04:00,1.1,707.1,11/13/2020 7:44
81981,81980,MAE HONG SON,8/11/2018,24.3,31.8,ESE,14.83,17:33:00,1.1,708.2,11/13/2020 7:44
82312,82311,MAE HONG SON,8/15/2018,24.8,30.4,S,20.39,18:54:00,44.7,756.8,11/13/2020 7:44
82408,82407,MAE HONG SON,8/16/2018,23.8,32.3,SE,14.83,20:48:00,3.6,760.4,11/13/2020 7:44
82517,82516,MAE HONG SON,8/17/2018,24.5,30.6,WSW,11.12,16:15:00,28.8,789.2,11/13/2020 7:44
82629,82628,MAE HONG SON,8/18/2018,24.4,31.1,SE,12.97,10:51:00,9.3,798.5,11/13/2020 7:44
82736,82735,MAE HONG SON,8/19/2018,24.1,32,NNE,18.53,12:14:00,3.8,802.3,11/13/2020 7:44
82954,82953,MAE HONG SON,8/21/2018,24.3,30,E,14.83,13:21:00,16.4,823.9,11/13/2020 7:44
83063,83062,MAE HONG SON,8/22/2018,24.2,31.2,ESE,11.12,12:04:00,0.9,824.8,11/13/2020 7:44
83277,83276,MAE HONG SON,8/24/2018,24.5,31.5,S,12.97,16:05:00,3.9,833.2,11/13/2020 7:44
83387,83386,MAE HONG SON,8/25/2018,23.7,29.4,W,11.12,15:03:00,3.7,836.9,11/13/2020 7:44
83489,83488,MAE HONG SON,8/26/2018,23.7,30.3,SE,9.27,11:53:00,1.6,838.5,11/13/2020 7:44
83706,83705,MAE HONG SON,8/28/2018,23.7,30.1,SSE,16.68,15:10:00,0.1,839.8,11/13/2020 7:44
83915,83914,MAE HONG SON,8/30/2018,24.4,29.2,SE,11.12,14:36:00,,840.2,11/13/2020 7:44
84027,84026,MAE HONG SON,8/31/2018,24.6,32,ESE,14.83,13:28:00,1.4,841.6,11/13/2020 7:44
84136,84135,MAE HONG SON,9/1/2018,24.1,29.5,SE,14.83,13:07:00,4.8,846.4,11/13/2020 7:44
84353,84352,MAE HONG SON,9/3/2018,24.3,28.8,WNW,9.27,12:04:00,40.8,889,11/13/2020 7:44
84459,84458,MAE HONG SON,9/4/2018,23.5,30,SSE,18.53,,0.2,889.2,11/13/2020 7:44
84568,84567,MAE HONG SON,9/5/2018,23.2,31.1,W,9.27,11:37:00,0.3,889.5,11/13/2020 7:44
84788,84787,MAE HONG SON,9/7/2018,23.1,32.1,ESE,14.83,19:43:00,,889.5,11/13/2020 7:44
84903,84902,MAE HONG SON,9/8/2018,24.1,31,W,12.97,12:28:00,0.3,889.8,11/13/2020 7:44
85013,85012,MAE HONG SON,9/9/2018,24,31.5,S,22.24,17:58:00,3.5,893.3,11/13/2020 7:44
85123,85122,MAE HONG SON,9/10/2018,23,33.3,ENE,16.68,20:16:00,0.8,894.1,11/13/2020 7:44
85236,85235,MAE HONG SON,9/11/2018,23.4,33.1,SSE,11.12,20:36:00,,894.1,11/13/2020 7:44
85346,85345,MAE HONG SON,9/12/2018,24.5,33.7,SE,12.97,13:16:00,,894.1,11/13/2020 7:44
85460,85459,MAE HONG SON,9/13/2018,24.6,32.7,NNE,22.24,19:17:00,6.1,900.2,11/13/2020 7:44
85573,85572,MAE HONG SON,9/14/2018,24.2,32,E,16.68,19:45:00,10.4,910.6,11/13/2020 7:44
85685,85684,MAE HONG SON,9/15/2018,23.2,36,NNE,14.83,16:59:00,,910.6,11/13/2020 7:44
85904,85903,MAE HONG SON,9/17/2018,23.6,34,N,33.36,23:22:00,26.5,937.3,11/13/2020 7:44
86115,86114,MAE HONG SON,9/19/2018,23.6,29.2,NNE,16.68,14:26:00,31.8,989.4,11/13/2020 7:44
86223,86222,MAE HONG SON,9/20/2018,23.1,31.1,E,14.83,13:14:00,0.5,989.9,11/13/2020 7:44
86330,86329,MAE HONG SON,9/21/2018,23.2,33.7,S,11.12,18:08:00,0.2,990.1,11/13/2020 7:44
86545,86544,MAE HONG SON,9/23/2018,23.9,34.3,ESE,14.83,12:21:00,,994,11/13/2020 7:44
86652,86651,MAE HONG SON,9/24/2018,23.3,34.4,SE,14.83,18:53:00,,994,11/13/2020 7:44
86765,86764,MAE HONG SON,9/25/2018,24.4,33.6,NW,22.24,13:10:00,,994,11/13/2020 7:44
86984,86983,MAE HONG SON,9/27/2018,24.5,34.8,SE,14.83,10:29:00,,994,11/13/2020 7:44
87090,87089,MAE HONG SON,9/28/2018,25,34.1,E,12.97,14:06:00,,994,11/13/2020 7:44
87306,87305,MAE HONG SON,9/30/2018,24.4,34.5,ESE,31.51,16:54:00,3.5,997.5,11/13/2020 7:44
87418,87417,MAE HONG SON,10/1/2018,23.5,34.4,S,22.24,15:36:00,30.9,1028.4,11/13/2020 7:44
87523,87522,MAE HONG SON,10/2/2018,23.6,32.6,E,22.24,15:33:00,19.4,1047.8,11/13/2020 7:44
87629,87628,MAE HONG SON,10/3/2018,24,30.7,,20.39,14:04:00,14.8,1062.6,11/13/2020 7:44
87736,87735,MAE HONG SON,10/4/2018,23.4,31.1,ESE,16.68,13:24:00,,1062.6,11/13/2020 7:44
87846,87845,MAE HONG SON,10/5/2018,23.4,32.9,ESE,11.12,17:41:00,,1062.6,11/13/2020 7:44
87955,87954,MAE HONG SON,10/6/2018,22.7,32.5,SE,20.39,17:41:00,1.2,1063.8,11/13/2020 7:44
88062,88061,MAE HONG SON,10/7/2018,23.1,32.5,E,14.83,17:01:00,2.3,1066.1,11/13/2020 7:44
88173,88172,MAE HONG SON,10/8/2018,23.7,33,E,24.09,17:16:00,,1066.1,11/13/2020 7:44
88283,88282,MAE HONG SON,10/9/2018,23.9,32,ESE,16.68,18:29:00,16,1082.1,11/13/2020 7:44
88392,88391,MAE HONG SON,10/10/2018,22.1,31.6,SE,20.39,17:13:00,3.2,1085.3,11/13/2020 7:44
88500,88499,MAE HONG SON,10/11/2018,23.3,27.8,NE,11.12,12:12:00,1.2,1086.5,11/13/2020 7:44
88726,88725,MAE HONG SON,10/13/2018,23.9,34.5,NW,11.12,12:28:00,,1087.6,11/13/2020 7:44
88949,88948,MAE HONG SON,10/15/2018,22.5,35.5,SE,12.97,19:15:00,,1087.6,11/13/2020 7:44
89175,89174,MAE HONG SON,10/17/2018,24.6,33.5,WSW,14.83,12:54:00,,1087.6,11/13/2020 7:44
89288,89287,MAE HONG SON,10/18/2018,24.2,33.6,W,12.97,12:39:00,,1087.6,11/13/2020 7:44
89398,89397,MAE HONG SON,10/19/2018,23.3,33.3,WNW,12.97,11:24:00,,1087.6,11/13/2020 7:44
89504,89503,MAE HONG SON,10/20/2018,23.8,32.8,SSE,14.83,19:00:00,,1087.6,11/13/2020 7:44
89711,89710,MAE HONG SON,10/22/2018,23.7,32.5,NW,11.12,9:38:00,3.8,1101.5,11/13/2020 7:44
89820,89819,MAE HONG SON,10/23/2018,23.7,29,NW,18.53,13:45:00,8.1,1109.6,11/13/2020 7:44
89931,89930,MAE HONG SON,10/24/2018,23.6,30.6,ESE,12.97,16:05:00,2.9,1112.5,11/13/2020 7:44
90038,90037,MAE HONG SON,10/25/2018,23.2,31.9,SE,16.68,19:51:00,3,1115.5,11/13/2020 7:44
90147,90146,MAE HONG SON,10/26/2018,22.7,31.5,ESE,14.83,17:20:00,,1115.5,11/13/2020 7:44
90252,90251,MAE HONG SON,10/27/2018,21.8,32.7,ESE,14.83,16:35:00,,1115.5,11/13/2020 7:44
90362,90361,MAE HONG SON,10/28/2018,22,32.3,ESE,14.83,17:50:00,,1115.5,11/13/2020 7:44
90474,90473,MAE HONG SON,10/29/2018,21.6,34.5,ESE,12.97,18:25:00,,1115.5,11/13/2020 7:44
90588,90587,MAE HONG SON,10/30/2018,21.7,32.8,NE,12.97,13:15:00,2.8,1118.3,11/13/2020 7:44
90704,90703,MAE HONG SON,10/31/2018,22.5,28.2,NNE,14.83,16:18:00,,1118.3,11/13/2020 7:44
90925,90924,MAE HONG SON,11/2/2018,18.5,30.2,ESE,11.12,18:15:00,,1118.3,11/13/2020 7:44
91041,91040,MAE HONG SON,11/3/2018,18.8,29.2,SSE,16.68,,,1118.3,11/13/2020 7:44
91159,91158,MAE HONG SON,11/4/2018,18.7,29.5,SE,12.97,18:01:00,,1118.3,11/13/2020 7:44
91390,91389,MAE HONG SON,11/6/2018,18.8,31.2,ESE,12.97,14:52:00,,1118.3,11/13/2020 7:44
91503,91502,MAE HONG SON,11/7/2018,19.6,31.2,E,12.97,17:27:00,,1118.3,11/13/2020 7:44
91728,91727,MAE HONG SON,11/9/2018,19.8,31,NNE,16.68,,9,1127.3,11/13/2020 7:44
92388,92387,MAE HONG SON,11/15/2018,22,31.2,SE,12.97,15:02:00,,1141.9,11/13/2020 7:44
92502,92501,MAE HONG SON,11/16/2018,21.4,30.8,ESE,14.83,18:50:00,,1141.9,11/13/2020 7:44
92947,92946,MAE HONG SON,11/20/2018,21.1,30.6,ESE,12.97,18:55:00,,1141.9,11/13/2020 7:44
93058,93057,MAE HONG SON,11/21/2018,19.4,29.3,SE,16.68,18:23:00,,1141.9,11/13/2020 7:44
93281,93280,MAE HONG SON,11/23/2018,19.6,30.1,SSE,14.83,18:22:00,,1141.9,11/13/2020 7:44
93616,93615,MAE HONG SON,11/26/2018,18.9,28.9,SE,11.12,12:20:00,,1141.9,11/13/2020 7:44
93731,93730,MAE HONG SON,11/27/2018,19.1,29.8,,3.71,,,1141.9,11/13/2020 7:44
93842,93841,MAE HONG SON,11/28/2018,15.9,28.5,WNW,14.83,7:48:00,,1141.9,11/13/2020 7:44
94064,94063,MAE HONG SON,11/30/2018,17.4,28.5,SE,12.97,18:06:00,,1141.9,11/13/2020 7:44
94400,94399,MAE HONG SON,12/3/2018,19.6,30.4,,5.56,,,1141.9,11/13/2020 7:44
94515,94514,MAE HONG SON,12/4/2018,20.4,29.6,ESE,12.97,0:00:13,,1141.9,11/13/2020 7:44
94628,94627,MAE HONG SON,12/5/2018,18.8,30.1,ESE,12.97,17:34:00,,1141.9,11/13/2020 7:44
94953,94952,MAE HONG SON,12/8/2018,21.5,28.9,ENE,11.12,21:01:00,2.5,1144.4,11/13/2020 7:44
95063,95062,MAE HONG SON,12/9/2018,20.5,29.6,ESE,14.83,18:19:00,,1144.4,11/13/2020 7:44
95399,95398,MAE HONG SON,12/12/2018,20.8,25.6,E,5.56,11:59:00,,1156.5,11/13/2020 7:44
95731,95730,MAE HONG SON,12/15/2018,19.6,28.9,NNE,12.97,12:32:00,,1162.1,11/13/2020 7:44
96058,96057,MAE HONG SON,12/18/2018,19.7,28.8,ESE,11.12,17:13:00,,1162.1,11/13/2020 7:44
96278,96277,MAE HONG SON,12/20/2018,22.5,28.6,ESE,12.97,14:58:00,,1162.4,11/13/2020 7:44
96392,96391,MAE HONG SON,12/21/2018,20.1,28.8,E,12.97,17:21:00,,1162.4,11/13/2020 7:44
96505,96504,MAE HONG SON,12/22/2018,17.6,28.6,SSE,12.97,18:26:00,,1162.4,11/13/2020 7:44
96614,96613,MAE HONG SON,12/23/2018,17.1,27.9,ESE,12.97,18:25:00,,1162.4,11/13/2020 7:44
96725,96724,MAE HONG SON,12/24/2018,16.4,27.6,SE,14.83,17:31:00,,1162.4,11/13/2020 7:44
96947,96946,MAE HONG SON,12/26/2018,13.1,26,E,14.83,17:35:00,,1162.4,11/13/2020 7:44
97058,97057,MAE HONG SON,12/27/2018,12.9,26.3,ESE,14.83,17:51:00,,1162.4,11/13/2020 7:44
97170,97169,MAE HONG SON,12/28/2018,14.2,26.5,ESE,11.12,17:33:00,,1162.4,11/13/2020 7:44
97281,97280,MAE HONG SON,12/29/2018,18.9,28.1,NW,11.12,16:04:00,2.1,1164.5,11/13/2020 7:44
97500,97498,MAE HONG SON,12/31/2018,19.8,29.1,ESE,12.97,18:22:00,1.5,1174.3,11/13/2020 7:44
97606,97604,MAE HONG SON,1/1/2019,20.2,28.2,W,14.83,14:25:00,,1.5,11/13/2020 7:44
97826,97824,MAE HONG SON,1/3/2019,17,27.4,E,11.12,19:19:00,,1.5,11/13/2020 7:44
97931,97929,MAE HONG SON,1/4/2019,14.4,26.9,ESE,11.12,18:03:00,,1.5,11/13/2020 7:44
98037,98035,MAE HONG SON,1/5/2019,15.3,28,W,12.97,12:30:00,,1.5,11/13/2020 7:44
98249,98247,MAE HONG SON,1/7/2019,20.6,29.2,ESE,11.12,10:41:00,39.6,43.5,11/13/2020 7:44
98360,98358,MAE HONG SON,1/8/2019,21.6,24.4,WNW,12.97,,12,55.5,11/13/2020 7:44
98470,98468,MAE HONG SON,1/9/2019,20.6,28.5,WNW,12.97,11:16:00,0.4,55.9,11/13/2020 7:44
98578,98576,MAE HONG SON,1/11/2019,20.3,27.8,E,5.56,12:57:00,,56.3,11/13/2020 7:44
98689,98687,MAE HONG SON,1/12/2019,19.8,27.9,ESE,14.83,18:01:00,,56.3,11/13/2020 7:44
98793,98791,MAE HONG SON,1/13/2019,18.1,27.8,ESE,12.97,18:35:00,,56.3,11/13/2020 7:44
99016,99014,MAE HONG SON,1/15/2019,16.7,27.5,ESE,12.97,18:09:00,,56.3,11/13/2020 7:44
99233,99231,MAE HONG SON,1/17/2019,14.2,26.8,ESE,11.12,17:53:00,,56.3,11/13/2020 7:44
99458,99456,MAE HONG SON,1/19/2019,18.4,28.2,E,14.83,18:06:00,,56.9,11/13/2020 7:44
99900,99898,MAE HONG SON,1/23/2019,14.1,27.9,E,16.68,18:51:00,,56.9,11/13/2020 7:44
100014,100012,MAE HONG SON,1/24/2019,12.2,27.8,SE,16.68,18:53:00,,56.9,11/13/2020 7:44
100129,100127,MAE HONG SON,1/25/2019,14.4,28.4,ESE,12.97,17:28:00,,56.9,11/13/2020 7:44
100458,100456,MAE HONG SON,1/28/2019,16.7,28.7,ESE,14.83,18:45:00,,56.9,11/13/2020 7:44
100569,100567,MAE HONG SON,1/29/2019,15.8,29.2,ESE,12.97,19:07:00,,56.9,11/13/2020 7:44
100784,100782,MAE HONG SON,1/31/2019,15.9,30,SSE,14.83,,,56.9,11/13/2020 7:44
100894,100892,MAE HONG SON,2/1/2019,14.6,29.6,ESE,14.83,18:59:00,,56.9,11/13/2020 7:44
101221,101219,MAE HONG SON,2/4/2019,14.1,31.5,E,14.83,18:53:00,,56.9,11/13/2020 7:44
101332,101330,MAE HONG SON,2/5/2019,14.8,31.6,ESE,14.83,18:26:00,,56.9,11/13/2020 7:44
101439,101437,MAE HONG SON,2/6/2019,12.6,31.6,ESE,16.68,19:06:00,,56.9,11/13/2020 7:44
101662,101660,MAE HONG SON,2/8/2019,14,33,SE,14.83,17:50:00,,56.9,11/13/2020 7:44
101772,101770,MAE HONG SON,2/10/2019,14.7,33.7,SE,16.68,18:37:00,,56.9,11/13/2020 7:44
101989,101987,MAE HONG SON,2/12/2019,15.5,34,SE,12.97,18:07:00,,56.9,11/13/2020 7:44
102185,102183,MAE HONG SON,2/14/2019,15.3,34.1,ENE,12.97,18:34:00,,56.9,11/13/2020 7:44
102405,102403,MAE HONG SON,2/17/2019,17.9,33.2,WSW,22.24,19:44:00,,56.9,11/13/2020 7:44
102510,102508,MAE HONG SON,2/18/2019,16,32.7,ESE,14.83,19:19:00,,56.9,11/13/2020 7:44
102624,102622,MAE HONG SON,2/19/2019,14.9,32.6,WSW,22.24,14:24:00,,56.9,11/13/2020 7:44
102737,102735,MAE HONG SON,2/20/2019,15.5,33.4,ESE,20.39,19:12:00,,56.9,11/13/2020 7:44
102951,102949,MAE HONG SON,2/22/2019,14.8,35,ESE,12.97,18:59:00,,56.9,11/13/2020 7:44
103166,103164,MAE HONG SON,2/24/2019,15.6,35.5,ESE,14.83,18:36:00,,56.9,11/13/2020 7:44
103282,103280,MAE HONG SON,2/25/2019,15.4,35.4,WNW,12.97,13:52:00,,56.9,11/13/2020 7:44
103396,103394,MAE HONG SON,2/26/2019,17.7,35.7,W,16.68,15:38:00,,56.9,11/13/2020 7:44
103622,103620,MAE HONG SON,2/28/2019,15.8,35.1,SE,12.97,19:18:00,,56.9,11/13/2020 7:44
103728,103726,MAE HONG SON,3/1/2019,15.4,35.2,ESE,14.83,,,56.9,11/13/2020 7:44
103835,103833,MAE HONG SON,3/2/2019,15.7,35.7,SSE,12.97,15:44:00,,56.9,11/13/2020 7:44
104060,104058,MAE HONG SON,3/4/2019,16,35.6,SSE,24.09,22:08:00,,56.9,11/13/2020 7:44
104282,104280,MAE HONG SON,3/6/2019,19.5,35.1,W,16.68,13:38:00,,56.9,11/13/2020 7:44
104395,104393,MAE HONG SON,3/7/2019,19.1,34.8,WSW,20.39,13:38:00,,56.9,11/13/2020 7:44
104510,104508,MAE HONG SON,3/8/2019,19.4,35.6,W,20.39,,,56.9,11/13/2020 7:44
104627,104625,MAE HONG SON,3/9/2019,18.2,35.6,W,22.24,15:02:00,,56.9,11/13/2020 7:44
104737,104735,MAE HONG SON,3/10/2019,15.4,34.7,ESE,16.68,18:58:00,,56.9,11/13/2020 7:44
104965,104963,MAE HONG SON,3/12/2019,15.4,35.7,SSE,11.12,14:32:00,,56.9,11/13/2020 7:44
105073,105071,MAE HONG SON,3/13/2019,15.9,36.4,ESE,14.83,19:21:00,,56.9,11/13/2020 7:44
105184,105182,MAE HONG SON,3/14/2019,15.6,37.2,ENE,16.68,15:33:00,,56.9,11/13/2020 7:44
105298,105296,MAE HONG SON,3/15/2019,16,37.4,E,16.68,19:18:00,,56.9,11/13/2020 7:44
105410,105408,MAE HONG SON,3/16/2019,18.1,38.1,ESE,16.68,18:44:00,,56.9,11/13/2020 7:44
105523,105521,MAE HONG SON,3/17/2019,17.4,38.5,ESE,12.97,18:39:00,,56.9,11/13/2020 7:44
105636,105634,MAE HONG SON,3/18/2019,17.9,38.5,ESE,11.12,18:53:00,,56.9,11/13/2020 7:44
106088,106086,MAE HONG SON,3/22/2019,16.5,36.6,E,12.97,18:37:00,,56.9,11/13/2020 7:44
106421,106419,MAE HONG SON,3/25/2019,18.5,39.1,W,16.68,16:35:00,,56.9,11/13/2020 7:44
106527,106525,MAE HONG SON,3/26/2019,18.4,38.5,ESE,16.68,18:57:00,,56.9,11/13/2020 7:44
106753,106751,MAE HONG SON,3/28/2019,20.6,37.5,SSE,16.68,14:42:00,,56.9,11/13/2020 7:44
106865,106863,MAE HONG SON,3/29/2019,16.9,37.2,SSE,16.68,14:42:00,,56.9,11/13/2020 7:44
106977,106975,MAE HONG SON,3/30/2019,18.3,37.9,W,12.97,14:57:00,,56.9,11/13/2020 7:44
107084,107082,MAE HONG SON,3/31/2019,18.9,39,SE,24.09,11:56:00,,56.9,11/13/2020 7:44
107198,107196,MAE HONG SON,4/1/2019,17.7,38.5,W,16.68,12:53:00,,56.9,11/13/2020 7:44
107311,107309,MAE HONG SON,4/2/2019,16.2,39,S,22.24,14:31:00,,56.9,11/13/2020 7:44
107424,107422,MAE HONG SON,4/3/2019,20.2,37.4,WNW,38.92,15:42:00,,56.9,11/13/2020 7:44
107645,107643,MAE HONG SON,4/5/2019,19.2,39.5,E,14.83,18:41:00,,56.9,11/13/2020 7:44
107750,107748,MAE HONG SON,4/6/2019,20.1,39.6,SSE,14.83,19:08:00,,56.9,11/13/2020 7:44
107971,107969,MAE HONG SON,4/9/2019,22.5,40.8,S,16.68,14:56:00,,56.9,11/13/2020 7:44
108083,108081,MAE HONG SON,4/10/2019,21.4,41.1,WNW,20.39,19:08:00,,56.9,11/13/2020 7:44
108194,108192,MAE HONG SON,4/11/2019,20.8,39.7,ESE,16.68,20:09:00,,56.9,11/13/2020 7:44
108305,108303,MAE HONG SON,4/12/2019,21.1,41.1,ESE,16.68,13:25:00,,56.9,11/13/2020 7:44
108420,108418,MAE HONG SON,4/13/2019,21.5,40.2,SE,16.68,21:38:00,,56.9,11/13/2020 7:44
108530,108528,MAE HONG SON,4/14/2019,23.4,41.6,SE,16.68,14:51:00,,56.9,11/13/2020 7:44
108858,108856,MAE HONG SON,4/17/2019,25.1,42.1,NNW,27.8,20:07:00,,56.9,11/13/2020 7:44
108967,108965,MAE HONG SON,4/18/2019,22.2,41.1,W,20.39,16:07:00,,56.9,11/13/2020 7:44
109071,109069,MAE HONG SON,4/19/2019,24.2,42.2,N,37.07,17:52:00,,56.9,11/13/2020 7:44
109187,109185,MAE HONG SON,4/20/2019,22.2,41.2,N,37.07,18:04:00,,56.9,11/13/2020 7:44
109298,109296,MAE HONG SON,4/21/2019,23,42.9,WNW,24.09,14:59:00,,56.9,11/13/2020 7:44
109406,109404,MAE HONG SON,4/22/2019,23.6,42.5,ESE,20.39,13:58:00,,56.9,11/13/2020 7:44
109735,109733,MAE HONG SON,4/25/2019,24.2,43.2,ESE,22.24,15:11:00,,56.9,11/13/2020 7:44
109844,109842,MAE HONG SON,4/26/2019,22.9,42.8,ENE,20.39,14:20:00,,56.9,11/13/2020 7:44
109954,109952,MAE HONG SON,4/27/2019,21.7,43.2,W,22.24,16:28:00,,56.9,11/13/2020 7:44
110063,110061,MAE HONG SON,4/28/2019,23,42.5,W,20.39,13:39:00,,56.9,11/13/2020 7:44
110176,110174,MAE HONG SON,4/29/2019,23.6,42.5,S,22.24,21:39:00,,56.9,11/13/2020 7:44
110279,110277,MAE HONG SON,4/30/2019,27.5,42.1,SE,20.39,11:35:00,,56.9,11/13/2020 7:44
112782,112780,MAE HONG SON,5/28/2019,24.3,36.8,NNE,18.53,17:37:00,,230.5,11/13/2020 7:44
113116,113114,MAE HONG SON,5/31/2019,23.5,33.4,SSW,11.12,17:20:00,,290.4,11/13/2020 7:44
113230,113228,MAE HONG SON,6/1/2019,23.6,35.3,S,16.68,18:20:00,,290.4,11/13/2020 7:44
113342,113340,MAE HONG SON,6/2/2019,24.8,36.5,SSE,27.8,17:15:00,0.2,290.6,11/13/2020 7:44
113564,113562,MAE HONG SON,6/4/2019,24.2,36.4,W,22.24,0:00:00,,290.6,11/13/2020 7:44
113791,113789,MAE HONG SON,6/6/2019,24.2,36.3,S,24.09,19:15:00,5.3,297.9,11/13/2020 7:44
113902,113900,MAE HONG SON,6/7/2019,22.9,36,NE,20.39,19:05:00,,297.9,11/13/2020 7:44
114015,114013,MAE HONG SON,6/8/2019,24.3,32.5,ESE,22.24,15:50:00,,297.9,11/13/2020 7:44
114242,114240,MAE HONG SON,6/10/2019,24,37,S,22.24,19:42:00,0.9,306.3,11/13/2020 7:44
114559,114557,MAE HONG SON,6/13/2019,23.6,34.2,W,16.68,12:59:00,1.1,309.4,11/13/2020 7:44
114671,114669,MAE HONG SON,6/14/2019,23.9,32.1,SSE,12.97,15:09:00,1.7,311.1,11/13/2020 7:44
114785,114783,MAE HONG SON,6/15/2019,22.5,28.3,E,16.68,17:04:00,20.3,331.4,11/13/2020 7:44
114895,114893,MAE HONG SON,6/16/2019,24.2,32.8,SE,14.83,19:56:00,5.6,337.2,11/13/2020 7:44
115122,115120,MAE HONG SON,6/18/2019,24.2,32,WNW,18.53,13:56:00,7,348.1,11/13/2020 7:44
115345,115343,MAE HONG SON,6/20/2019,23.8,34.5,S,16.68,19:10:00,0.3,349.8,11/13/2020 7:44
115677,115675,MAE HONG SON,6/24/2019,24.5,35.7,W,12.97,12:41:00,,350.1,11/13/2020 7:44
115894,115892,MAE HONG SON,6/26/2019,24.7,35.2,SSE,16.68,23:17:00,,350.5,11/13/2020 7:44
116109,116107,MAE HONG SON,6/28/2019,23.3,34.7,SE,14.83,12:52:00,,351.7,11/13/2020 7:44
116212,116210,MAE HONG SON,6/29/2019,24,34,ESE,27.8,15:16:00,3.9,355.6,11/13/2020 7:44
116440,116438,MAE HONG SON,7/2/2019,23.4,30.1,WNW,11.12,13:33:00,8.1,367.3,11/13/2020 7:44
116552,116550,MAE HONG SON,7/3/2019,21.9,33,SE,14.83,20:23:00,0.2,367.5,11/13/2020 7:44
116664,116662,MAE HONG SON,7/4/2019,24.3,31.5,SW,14.83,19:41:00,,367.5,11/13/2020 7:44
117095,117093,MAE HONG SON,7/8/2019,23.5,30.9,SE,14.83,14:35:00,1.2,378.9,11/13/2020 7:44
117315,117313,MAE HONG SON,7/10/2019,23.9,31.5,SSE,16.68,14:18:00,4,384.7,11/13/2020 7:44
117425,117423,MAE HONG SON,7/11/2019,22,32.6,SE,20.39,18:58:00,7.4,392.1,11/13/2020 7:44
117536,117534,MAE HONG SON,7/12/2019,23.4,33,SSW,16.68,16:01:00,22.2,414.3,11/13/2020 7:44
117756,117754,MAE HONG SON,7/14/2019,23.6,32,SSE,27.8,14:53:00,7.7,423.4,11/13/2020 7:44
117871,117869,MAE HONG SON,7/15/2019,21.8,34,ESE,14.83,19:18:00,,423.4,11/13/2020 7:44
117979,117977,MAE HONG SON,7/16/2019,23.6,34.4,SE,14.83,13:46:00,,423.4,11/13/2020 7:44
118200,118198,MAE HONG SON,7/19/2019,24.5,37.5,WNW,14.83,16:08:00,,423.8,11/13/2020 7:44
118309,118307,MAE HONG SON,7/20/2019,25.5,35.3,SSE,12.97,19:45:00,,423.8,11/13/2020 7:44
118421,118419,MAE HONG SON,7/21/2019,25.3,36.4,SSE,16.68,0:00:00,,423.8,11/13/2020 7:44
118530,118528,MAE HONG SON,7/22/2019,23.3,31.7,SW,12.97,12:00:00,,423.8,11/13/2020 7:44
118644,118642,MAE HONG SON,7/23/2019,23,32,ESE,24.09,15:04:00,29.3,453.1,11/13/2020 7:44
118874,118872,MAE HONG SON,7/25/2019,22.6,31,S,24.09,16:48:00,15.7,490.3,11/13/2020 7:44
119093,119091,MAE HONG SON,7/27/2019,22.7,30.1,WSW,12.97,15:08:00,3.2,500.8,11/13/2020 7:44
119314,119312,MAE HONG SON,7/29/2019,23.4,33.9,S,22.24,18:20:00,0.3,501.1,11/13/2020 7:44
119419,119417,MAE HONG SON,7/30/2019,23,33.7,N,18.53,15:45:00,4,505.1,11/13/2020 7:44
119643,119641,MAE HONG SON,8/1/2019,22.7,32.1,W,18.53,16:30:00,5,543.1,11/13/2020 7:44
119753,119751,MAE HONG SON,8/2/2019,23,29.8,SSE,20.39,13:10:00,7.9,551,11/13/2020 7:44
119859,119857,MAE HONG SON,8/3/2019,22.8,32.1,S,18.53,0:00:00,,551,11/13/2020 7:44
119969,119967,MAE HONG SON,8/4/2019,23,26.7,W,7.41,10:53:00,16.5,567.5,11/13/2020 7:44
120188,120186,MAE HONG SON,8/6/2019,22.9,30.1,NE,12.97,10:03:00,6.3,587,11/13/2020 7:44
120298,120296,MAE HONG SON,8/7/2019,22.6,29.8,NW,12.97,14:28:00,8.6,595.6,11/13/2020 7:44
120519,120517,MAE HONG SON,8/9/2019,23.9,30.5,ESE,7.41,12:36:00,63.2,670.5,11/13/2020 7:44
120630,120628,MAE HONG SON,8/10/2019,23.3,29.9,N,18.53,15:00:00,36.9,707.4,11/13/2020 7:44
120855,120853,MAE HONG SON,8/12/2019,23.9,33,SSW,18.53,15:20:00,,723.2,11/13/2020 7:44
121078,121076,MAE HONG SON,8/14/2019,24.1,31,SW,11.12,15:13:00,6.7,730.7,11/13/2020 7:44
121188,121186,MAE HONG SON,8/15/2019,23.3,32.7,,1.85,0:00:00,0.4,727.4,11/13/2020 7:44
121299,121297,MAE HONG SON,8/16/2019,24.2,27.6,ESE,9.27,14:24:00,22.5,749.9,11/13/2020 7:44
121847,121845,MAE HONG SON,8/21/2019,24.4,32,E,20.39,11:35:00,7.9,769,11/13/2020 7:44
121961,121959,MAE HONG SON,8/22/2019,23.3,31.8,SSE,14.83,11:31:00,0.1,769.1,11/13/2020 7:44
122076,122074,MAE HONG SON,8/23/2019,23.8,32.6,,5.56,0:00:00,47,816.1,11/13/2020 7:44
122189,122187,MAE HONG SON,8/24/2019,23.3,34.1,WNW,18.53,19:09:00,30.3,846.4,11/13/2020 7:44
122408,122406,MAE HONG SON,8/26/2019,23.9,33.6,ESE,16.68,13:23:00,,849.8,11/13/2020 7:44
122521,122519,MAE HONG SON,8/27/2019,23.7,34.1,SE,12.97,15:18:00,1.6,851.4,11/13/2020 7:44
122629,122627,MAE HONG SON,8/28/2019,24.1,33,ESE,22.24,14:02:00,1.3,852.7,11/13/2020 7:44
122843,122841,MAE HONG SON,8/30/2019,25.2,32.7,SSE,24.09,15:43:00,34.4,887.1,11/13/2020 7:44
122952,122950,MAE HONG SON,8/31/2019,22.4,31.4,N,16.68,15:15:00,12.3,899.4,11/13/2020 7:44
123060,123058,MAE HONG SON,9/1/2019,23.1,31.7,ESE,16.68,14:41:00,12,911.4,11/13/2020 7:44
123278,123276,MAE HONG SON,9/3/2019,23.2,31.5,S,22.24,17:02:00,4.8,939,11/13/2020 7:44
123390,123388,MAE HONG SON,9/4/2019,24.1,34.2,ESE,16.68,18:24:00,,939,11/13/2020 7:44
123597,123595,MAE HONG SON,9/7/2019,24.2,32.7,,14.83,15:43:00,7,946.9,11/13/2020 7:44
123700,123698,MAE HONG SON,9/8/2019,23.1,31.7,S,16.68,15:08:00,5.3,952.2,11/13/2020 7:44
124012,124010,MAE HONG SON,9/11/2019,23.9,29.9,,12.97,18:44:00,3.1,992.9,11/13/2020 7:44
124231,124229,MAE HONG SON,9/13/2019,23.8,32.6,N,18.53,18:14:00,,996.9,11/13/2020 7:44
124339,124337,MAE HONG SON,9/14/2019,23.9,33.2,NE,24.09,15:54:00,4.2,1001.1,11/13/2020 7:44
124450,124448,MAE HONG SON,9/15/2019,24,34.7,N,25.95,16:06:00,1.1,1002.2,11/13/2020 7:44
124672,124670,MAE HONG SON,9/17/2019,21.7,34.8,,12.97,0:00:00,,1002.2,11/13/2020 7:44
124888,124886,MAE HONG SON,9/19/2019,23.8,32.8,N,12.97,7:47:00,2.9,1018.4,11/13/2020 7:44
125102,125100,MAE HONG SON,9/21/2019,23.4,32.5,NNW,18.53,14:23:00,2.1,1026.3,11/13/2020 7:44
125313,125311,MAE HONG SON,9/23/2019,22.5,32.8,WNW,16.68,14:33:00,,1026.3,11/13/2020 7:44
125529,125527,MAE HONG SON,9/25/2019,22.5,34.2,,14.83,10:10:00,,1026.3,11/13/2020 7:44
125745,125743,MAE HONG SON,9/27/2019,21.3,27.8,ENE,14.83,15:41:00,6.6,1057.6,11/13/2020 7:44
125851,125849,MAE HONG SON,9/28/2019,21.8,32.5,,11.12,14:30:00,,1057.6,11/13/2020 7:44
125963,125961,MAE HONG SON,9/29/2019,22.3,33,,11.12,18:19:00,,1057.6,11/13/2020 7:44
126399,126397,MAE HONG SON,10/3/2019,24.4,34.5,SE,11.12,15:48:00,,1057.6,11/13/2020 7:44
126501,126499,MAE HONG SON,10/4/2019,23.6,34.3,,16.68,23:44:00,5.5,1063.1,11/13/2020 7:44
126612,126610,MAE HONG SON,10/5/2019,23.9,32,ESE,20.39,0:00:00,1.2,1064.3,11/13/2020 7:44
126833,126831,MAE HONG SON,10/7/2019,23.1,31.6,,14.83,15:05:00,,1067.5,11/13/2020 7:44
126943,126941,MAE HONG SON,10/8/2019,23.7,32.4,ENE,37.07,14:05:00,3.1,1070.6,11/13/2020 7:44
127052,127050,MAE HONG SON,10/9/2019,23.8,32.9,E,12.97,18:11:00,,1070.6,11/13/2020 7:44
127278,127276,MAE HONG SON,10/11/2019,23.4,33.5,E,14.83,15:04:00,,1071.8,11/13/2020 7:44
127387,127385,MAE HONG SON,10/12/2019,23.3,33.9,ENE,9.27,15:24:00,,1071.8,11/13/2020 7:44
127495,127493,MAE HONG SON,10/13/2019,23.5,35,NNW,16.68,18:04:00,3.3,1075.1,11/13/2020 7:44
127604,127602,MAE HONG SON,10/14/2019,23.6,28.4,N,7.41,10:10:00,1.7,1076.8,11/13/2020 7:44
127826,127824,MAE HONG SON,10/16/2019,22.8,33.7,NNE,16.68,13:34:00,,1076.8,11/13/2020 7:44
128048,128046,MAE HONG SON,10/18/2019,23.7,32,N,16.68,17:27:00,,1084.1,11/13/2020 7:44
128157,128155,MAE HONG SON,10/19/2019,23.5,32.6,ESE,5.56,10:00:00,,1084.1,11/13/2020 7:44
128377,128375,MAE HONG SON,10/21/2019,23.0,33.6,,18.53,14:23:00,,1084.1,11/13/2020 7:44
128490,128488,MAE HONG SON,10/22/2019,23.2,33.7,,14.83,18:34:00,,1084.1,11/13/2020 7:44
128710,128708,MAE HONG SON,10/24/2019,23.2,33.9,E,12.97,17:49:00,2.5,1086.6,11/13/2020 7:44
128818,128816,MAE HONG SON,10/25/2019,23.1,32.4,,14.83,20:42:00,,1086.6,11/13/2020 7:44
129141,129139,MAE HONG SON,10/28/2019,23.6,34.3,W,11.12,13:28:00,,1086.6,11/13/2020 7:44
129472,129470,MAE HONG SON,10/31/2019,23.6,31.5,ENE,27.8,10:10:00,,1112.4,11/13/2020 7:44
129580,129578,MAE HONG SON,11/1/2019,23.2,30.4,SE,9.27,17:39:00,,1112.4,11/13/2020 7:44
129694,129692,MAE HONG SON,11/2/2019,21.8,30.5,SSE,11.12,13:12:00,,1112.4,11/13/2020 7:44
129804,129802,MAE HONG SON,11/3/2019,21.0,32.6,ESE,31.51,16:58:00,2.2,1114.6,11/13/2020 7:44
130024,130022,MAE HONG SON,11/5/2019,21.1,31.2,ESE,11.12,17:45:00,,1122.1,11/13/2020 7:44
130138,130136,MAE HONG SON,11/6/2019,21.4,31.6,SE,14.83,22:00:00,,1122.1,11/13/2020 7:44
130364,130362,MAE HONG SON,11/8/2019,22.0,27.1,,11.12,14:14:00,6.5,1128.6,11/13/2020 7:44
130468,130466,MAE HONG SON,11/9/2019,19.3,31.2,SE,9.27,18:08:00,,1128.6,11/13/2020 7:44
130686,130684,MAE HONG SON,11/11/2019,20.2,31.5,SE,14.83,18:00:00,,1128.6,11/13/2020 7:44
131017,131015,MAE HONG SON,11/14/2019,20.5,30.3,,9.27,11:18:00,,1128.6,11/13/2020 7:44
131133,131131,MAE HONG SON,11/15/2019,20.9,31.8,SSW,12.97,10:10:00,,1128.6,11/13/2020 7:44
131239,131237,MAE HONG SON,11/17/2019,21.0,31.3,SE,22.24,18:28:00,,1128.6,11/13/2020 7:44
131352,131350,MAE HONG SON,11/18/2019,21.5,31.1,ESE,14.83,18:39:00,,1128.6,11/13/2020 7:44
131573,131571,MAE HONG SON,11/20/2019,22.3,31,,27.8,0:00:00,,1128.6,11/13/2020 7:44
131798,131796,MAE HONG SON,11/22/2019,22.7,30.2,SE,12.97,18:02:00,,1128.6,11/13/2020 7:44
131908,131906,MAE HONG SON,11/23/2019,22.1,29.8,SE,14.83,18:00:00,,1128.6,11/13/2020 7:44
132015,132013,MAE HONG SON,11/24/2019,21.8,29.9,ESE,9.27,18:44:00,,1128.6,11/13/2020 7:44
132129,132127,MAE HONG SON,11/25/2019,21.8,30.3,ESE,16.68,18:04:00,,1128.6,11/13/2020 7:44
132244,132242,MAE HONG SON,11/26/2019,21.3,30.6,,12.97,14:43:00,,1128.6,11/13/2020 7:44
132353,132351,MAE HONG SON,11/27/2019,21.4,30.6,,9.27,17:51:00,,1128.6,11/13/2020 7:44
132581,132579,MAE HONG SON,11/29/2019,20.1,31,,12.97,18:17:00,,1128.6,11/13/2020 7:44
132695,132693,MAE HONG SON,11/30/2019,20.3,30,,11.12,18:35:00,,1128.6,11/13/2020 7:44
132913,132911,MAE HONG SON,12/2/2019,20.9,30,SE,14.83,18:44:00,,1128.6,11/13/2020 7:44
133021,133019,MAE HONG SON,12/3/2019,21.4,29.9,SE,12.97,17:59:00,,1128.6,11/13/2020 7:44
133135,133133,MAE HONG SON,12/4/2019,20.4,29.7,NW,14.83,12:16:00,,1128.6,11/13/2020 7:44
133250,133248,MAE HONG SON,12/5/2019,20.8,29.4,N,25.95,12:53:00,,1128.6,11/13/2020 7:44
133360,133358,MAE HONG SON,12/6/2019,20.5,27.4,NNE,25.95,14:08:00,,1128.6,11/13/2020 7:44
133583,133581,MAE HONG SON,12/8/2019,19.6,25,W,14.83,14:57:00,,1128.6,11/13/2020 7:44
133694,133692,MAE HONG SON,12/9/2019,18.8,25.2,W,12.97,14:26:00,,1128.6,11/13/2020 7:44
133913,133911,MAE HONG SON,12/11/2019,17.4,25.6,,12.97,17:39:00,,1128.6,11/13/2020 7:44
134139,134137,MAE HONG SON,12/13/2019,18.3,27,,12.97,17:37:00,,1128.6,11/13/2020 7:44
134253,134251,MAE HONG SON,12/14/2019,19.2,27.4,,12.97,18:20:00,,1128.6,11/13/2020 7:44
134584,134582,MAE HONG SON,12/17/2019,14.9,29,ESE,14.83,18:27:00,,1128.6,11/13/2020 7:44
134698,134696,MAE HONG SON,12/18/2019,14.4,29.4,E,14.83,18:24:00,,1128.6,11/13/2020 7:44
134920,134918,MAE HONG SON,12/20/2019,13.9,29.1,,12.97,17:41:00,,1128.6,11/13/2020 7:44
135027,135025,MAE HONG SON,12/21/2019,16.8,29.5,ESE,12.97,17:57:00,,1128.6,11/13/2020 7:44
135141,135139,MAE HONG SON,12/22/2019,15.7,28.7,SE,16.68,18:43:00,,1128.6,11/13/2020 7:44
135252,135250,MAE HONG SON,12/23/2019,13.2,28.5,SE,16.68,18:09:00,,1128.6,11/13/2020 7:44
135361,135359,MAE HONG SON,12/24/2019,12.4,28.2,SE,16.68,18:23:00,,1128.6,11/13/2020 7:44
135474,135472,MAE HONG SON,12/25/2019,14.2,28.9,ESE,12.97,18:35:00,,1128.6,11/13/2020 7:44
135585,135583,MAE HONG SON,12/26/2019,15.4,27.1,SE,12.97,18:45:00,,1128.6,11/13/2020 7:44
135697,135695,MAE HONG SON,12/27/2019,15.1,28.5,ESE,12.97,18:01:00,,1128.6,11/13/2020 7:44
135811,135809,MAE HONG SON,12/28/2019,16.8,28.8,S,33.36,17:43:00,7.8,1136.4,11/13/2020 7:44
135925,135923,MAE HONG SON,12/29/2019,19.3,28,,14.83,12:19:00,,1136.4,11/13/2020 7:44
136034,136032,MAE HONG SON,12/30/2019,19.1,28.4,E,11.12,17:46:00,,1136.4,11/13/2020 7:44
136150,136147,MAE HONG SON,12/31/2019,18.3,29.8,SE,12.97,18:56:00,,1136.4,11/13/2020 7:44
136259,136256,MAE HONG SON,1/1/2020,18.4,30.6,W,16.68,13:55:00,,0,11/13/2020 7:44
136484,136481,MAE HONG SON,1/3/2020,18.4,30.3,,16.68,18:35:00,,0,11/13/2020 7:44
136598,136595,MAE HONG SON,1/4/2020,18.9,30.4,SE,12.97,18:31:00,,0,11/13/2020 7:44
136709,136706,MAE HONG SON,1/5/2020,18,30.4,W,12.97,15:13:00,,0,11/13/2020 7:44
136935,136932,MAE HONG SON,1/7/2020,17.4,30,E,14.83,18:27:00,,0,11/13/2020 7:44
137050,137047,MAE HONG SON,1/8/2020,15,29.6,ESE,14.83,18:43:00,,0,11/13/2020 7:44
137282,137279,MAE HONG SON,1/10/2020,16.3,29.8,E,18.53,19:08:00,,0,11/13/2020 7:44
137398,137395,MAE HONG SON,1/11/2020,13.1,29.2,SSE,12.97,17:41:00,,0,11/13/2020 7:44
137624,137621,MAE HONG SON,1/13/2020,12.4,29.6,E,14.83,19:03:00,,0,11/13/2020 7:44
137737,137734,MAE HONG SON,1/14/2020,13.4,30,,12.97,13:42:00,,0,11/13/2020 7:44
137853,137850,MAE HONG SON,1/15/2020,13.6,29.4,ESE,16.68,18:28:00,,0,11/13/2020 7:44
137969,137966,MAE HONG SON,1/16/2020,12.8,29.7,,14.83,18:32:00,,0,11/13/2020 7:44
138087,138084,MAE HONG SON,1/17/2020,12.3,29,,14.83,18:24:00,,0,11/13/2020 7:44
138318,138315,MAE HONG SON,1/19/2020,13,30.1,SE,16.68,18:38:00,,0,11/13/2020 7:44
138430,138427,MAE HONG SON,1/20/2020,11.4,30.5,,12.97,18:11:00,,0,11/13/2020 7:44
138666,138663,MAE HONG SON,1/22/2020,14.7,31.8,SE,16.68,18:27:00,,0,11/13/2020 7:44
138782,138779,MAE HONG SON,1/23/2020,13,31.6,ESE,12.97,18:26:00,,0,11/13/2020 7:44
138898,138895,MAE HONG SON,1/24/2020,11,29.6,ESE,14.83,17:34:00,,0,11/13/2020 7:44
139015,139012,MAE HONG SON,1/25/2020,9.3,30.6,W,20.39,15:15:00,,0,11/13/2020 7:44
139130,139127,MAE HONG SON,1/26/2020,8.2,28,SE,14.83,19:20:00,,0,11/13/2020 7:44
139360,139357,MAE HONG SON,1/28/2020,9.5,28.5,ESE,14.83,18:45:00,,0,11/13/2020 7:44
139477,139474,MAE HONG SON,1/29/2020,10.6,29.8,ESE,14.83,18:59:00,,0,11/13/2020 7:44
139705,139702,MAE HONG SON,1/31/2020,14,31.5,,12.97,13:19:00,,0,11/13/2020 7:44
139823,139820,MAE HONG SON,2/1/2020,15,31.4,W,14.83,14:24:00,,0,11/13/2020 7:44
140051,140048,MAE HONG SON,2/3/2020,13.6,32.5,SE,18.53,15:54:00,,0,11/13/2020 7:44
140166,140163,MAE HONG SON,2/4/2020,12,31.4,ENE,12.97,19:23:00,,0,11/13/2020 7:44
140400,140397,MAE HONG SON,2/6/2020,12.4,31.8,E,12.97,18:46:00,,0,11/13/2020 7:44
140517,140514,MAE HONG SON,2/7/2020,12.9,32.8,ESE,12.97,19:08:00,,0,11/13/2020 7:44
140635,140632,MAE HONG SON,2/8/2020,14.2,32.8,ESE,12.97,18:42:00,,0,11/13/2020 7:44
140752,140749,MAE HONG SON,2/9/2020,16.6,33,ESE,12.97,18:52:00,,0,11/13/2020 7:44
140869,140866,MAE HONG SON,2/10/2020,19.5,33.5,WNW,14.83,12:49:00,,0,11/13/2020 7:44
140989,140986,MAE HONG SON,2/11/2020,16.4,35,ESE,16.68,19:19:00,,0,11/13/2020 7:44
141102,141099,MAE HONG SON,2/12/2020,12.7,33.6,,14.83,15:39:00,,0,11/13/2020 7:44
141216,141213,MAE HONG SON,2/13/2020,12.1,33.6,W,20.39,15:03:00,,0,11/13/2020 7:44
141337,141334,MAE HONG SON,2/14/2020,12,33.6,,18.53,19:39:00,,0,11/13/2020 7:44
141570,141567,MAE HONG SON,2/16/2020,14.1,33.1,SE,14.83,19:26:00,,0,11/13/2020 7:44
141688,141685,MAE HONG SON,2/17/2020,13.6,33.2,ESE,14.83,18:40:00,,0,11/13/2020 7:44
141799,141796,MAE HONG SON,2/18/2020,13.6,34.2,SE,24.09,17:02:00,,0,11/13/2020 7:44
141916,141913,MAE HONG SON,2/19/2020,15.9,33.8,,12.97,18:41:00,,0,11/13/2020 7:44
142031,142028,MAE HONG SON,2/20/2020,15.6,33.9,WNW,20.39,13:58:00,,0,11/13/2020 7:44
142149,142146,MAE HONG SON,2/21/2020,15.5,34.2,ESE,11.12,18:43:00,,0,11/13/2020 7:44
142266,142263,MAE HONG SON,2/22/2020,16.4,34,NNE,14.83,14:52:00,,0,11/13/2020 7:44
142496,142493,MAE HONG SON,2/24/2020,18.2,34.5,SE,12.97,18:57:00,,0,11/13/2020 7:44
142613,142610,MAE HONG SON,2/25/2020,16,34.4,SE,12.97,18:56:00,,0,11/13/2020 7:44
142840,142837,MAE HONG SON,2/27/2020,16.8,32.1,,16.68,19:53:00,,0,11/13/2020 7:44
142955,142952,MAE HONG SON,2/28/2020,16.6,34,ESE,12.97,18:48:00,,0,11/13/2020 7:44
143191,143188,MAE HONG SON,3/1/2020,15.4,35.5,ESE,12.97,18:50:00,,0,11/13/2020 7:44
143307,143304,MAE HONG SON,3/2/2020,16,35.9,ESE,14.83,18:34:00,,0,11/13/2020 7:44
143538,143535,MAE HONG SON,3/4/2020,18.4,34.7,SSE,20.39,16:03:00,,0.1,11/13/2020 7:44
143655,143652,MAE HONG SON,3/5/2020,17,35.7,WNW,14.83,12:20:00,,0.1,11/13/2020 7:44
143774,143771,MAE HONG SON,3/6/2020,16.7,36.7,NW,18.53,14:07:00,,0.1,11/13/2020 7:44
143891,143888,MAE HONG SON,3/7/2020,18,36.5,SE,14.83,19:31:00,,0.1,11/13/2020 7:44
144008,144005,MAE HONG SON,3/8/2020,18.3,37,ESE,16.68,21:36:00,,0.1,11/13/2020 7:44
144244,144241,MAE HONG SON,3/10/2020,16.5,36.5,SE,14.83,18:55:00,,0.1,11/13/2020 7:44
144361,144358,MAE HONG SON,3/11/2020,18.1,39,SSE,14.83,15:32:00,,0.1,11/13/2020 7:44
144598,144595,MAE HONG SON,3/13/2020,19.2,39.2,,18.53,18:43:00,,0.1,11/13/2020 7:44
144713,144710,MAE HONG SON,3/14/2020,19.9,39.1,E,14.83,14:09:00,,0.1,11/13/2020 7:44
144944,144941,MAE HONG SON,3/16/2020,20.8,39.7,NW,16.68,14:13:00,,0.1,11/13/2020 7:44
145063,145060,MAE HONG SON,3/17/2020,18.6,39.5,W,14.83,16:38:00,,0.1,11/13/2020 7:44
145180,145177,MAE HONG SON,3/18/2020,20,39.4,ESE,16.68,13:31:00,,0.1,11/13/2020 7:44
145299,145296,MAE HONG SON,3/19/2020,19.3,38.2,SE,14.83,18:35:00,,0.1,11/13/2020 7:44
145419,145416,MAE HONG SON,3/20/2020,20.7,38.6,SE,22.24,0:00:00,,0.1,11/13/2020 7:44
145537,145534,MAE HONG SON,3/21/2020,23.4,37.7,SE,22.24,17:02:00,,0.1,11/13/2020 7:44
145654,145651,MAE HONG SON,3/22/2020,19.7,38.5,SSE,16.68,17:50:00,,0.1,11/13/2020 7:44
145769,145766,MAE HONG SON,3/24/2020,18.7,39.2,S,16.68,12:28:00,,0.1,11/13/2020 7:44
145886,145883,MAE HONG SON,3/25/2020,17.6,39.3,NW,24.09,15:37:00,,0.1,11/13/2020 7:44
146003,146000,MAE HONG SON,3/26/2020,18.5,39.2,ESE,20.39,12:09:00,,0.1,11/13/2020 7:44
146119,146116,MAE HONG SON,3/27/2020,19,39.4,NW,14.83,14:41:00,,0.1,11/13/2020 7:44
146235,146232,MAE HONG SON,3/29/2020,22.5,41.3,SSE,14.83,15:01:00,,0.1,11/13/2020 7:44
146474,146471,MAE HONG SON,3/31/2020,24.9,41.5,W,14.83,15:28:00,,0.1,11/13/2020 7:44
146591,146588,MAE HONG SON,4/1/2020,23.6,40.7,WNW,20.39,14:26:00,,0.1,11/13/2020 7:44
146820,146817,MAE HONG SON,4/3/2020,22.2,41.3,NW,24.09,16:28:00,,0.1,11/13/2020 7:44
146936,146933,MAE HONG SON,4/4/2020,21.4,40.6,ESE,16.68,13:58:00,,0.1,11/13/2020 7:44
147057,147054,MAE HONG SON,4/5/2020,22.4,41.4,SSE,14.83,13:40:00,,0.1,11/13/2020 7:44
147170,147167,MAE HONG SON,4/6/2020,22.4,40.8,W,22.24,16:24:00,,0.1,11/13/2020 7:44
147290,147287,MAE HONG SON,4/7/2020,23.7,40,WNW,20.39,9:31:00,,0.1,11/13/2020 7:44
147406,147403,MAE HONG SON,4/8/2020,23,39.7,W,14.83,13:01:00,,0.1,11/13/2020 7:44
147523,147520,MAE HONG SON,4/9/2020,23.7,39.5,,16.68,14:56:00,,0.1,11/13/2020 7:44
147642,147639,MAE HONG SON,4/10/2020,20.5,40.4,SE,22.24,13:05:00,,0.1,11/13/2020 7:44
147762,147759,MAE HONG SON,4/11/2020,22.6,40.3,WNW,33.36,20:02:00,1.4,1.5,11/13/2020 7:44
147879,147876,MAE HONG SON,4/12/2020,22.7,40.4,WNW,14.83,14:45:00,,1.5,11/13/2020 7:44
147998,147995,MAE HONG SON,4/13/2020,21.4,40.1,SW,18.53,15:08:00,,1.5,11/13/2020 7:44
148357,148354,MAE HONG SON,4/16/2020,21,40.9,,20.39,19:07:00,,4.6,11/13/2020 7:44
148475,148472,MAE HONG SON,4/17/2020,23.9,41.1,W,20.39,14:29:00,,4.6,11/13/2020 7:44
148595,148592,MAE HONG SON,4/18/2020,23.8,41.2,WNW,14.83,16:23:00,,4.6,11/13/2020 7:44
148712,148709,MAE HONG SON,4/19/2020,24.6,41.9,SSW,24.09,19:35:00,,4.6,11/13/2020 7:44
148828,148825,MAE HONG SON,4/21/2020,22.9,43.3,WSW,20.39,13:18:00,,4.6,11/13/2020 7:44
149064,149061,MAE HONG SON,4/23/2020,24,43,W,20.39,12:29:00,,4.6,11/13/2020 7:44
149183,149180,MAE HONG SON,4/24/2020,23.6,40.8,W,22.24,16:45:00,,4.6,11/13/2020 7:44
149298,149295,MAE HONG SON,4/25/2020,24.1,40.5,SE,25.95,15:41:00,22.5,27.1,11/13/2020 7:44
149532,149529,MAE HONG SON,4/27/2020,22.1,35.7,SE,29.65,16:06:00,24.1,56.9,11/13/2020 7:44
149646,149643,MAE HONG SON,4/28/2020,22.1,35.2,SE,29.65,15:28:00,41.1,98,11/13/2020 7:44
149763,149760,MAE HONG SON,4/29/2020,21.8,35.6,S,22.24,16:56:00,5.6,103.6,11/13/2020 7:44
149880,149877,MAE HONG SON,7/16/2020,35.5,24.6,W,14.83,12:48:00,,338.8,7/16/2020 5:29
150125,150122,MAE HONG SON,7/18/2020,36,26.1,,16.68,12:11:00,1.8,340.6,7/18/2020 3:30
150361,150358,MAE HONG SON,7/21/2020,34.5,25.3,WNW,16.68,11:49:00,3.2,346.3,7/21/2020 3:30
150485,150482,MAE HONG SON,7/22/2020,27.6,25.2,W,9.27,16:31:00,3.9,350.2,7/22/2020 3:30
150602,150599,MAE HONG SON,7/24/2020,36.4,24.5,WNW,20.39,12:50:00,,350.2,7/24/2020 3:30
150843,150840,MAE HONG SON,7/27/2020,36.2,25.4,ENE,11.12,14:57:00,,351.5,7/27/2020 3:30
150955,150952,MAE HONG SON,7/28/2020,35.8,25.7,NNW,22.24,22:08:00,39.3,390.8,7/28/2020 3:30
151186,151183,MAE HONG SON,7/31/2020,34.9,24,S,12.97,22:15:00,,412.6,7/31/2020 3:30
151311,151308,MAE HONG SON,8/1/2020,35.3,25.2,WSW,16.68,16:05:00,,412.6,8/1/2020 3:30
151429,151426,MAE HONG SON,8/2/2020,35,26.5,W,14.83,16:25:00,5.1,417.7,8/2/2020 3:30
151662,151659,MAE HONG SON,8/5/2020,32,24.5,SE,16.68,17:46:00,3.1,481.6,8/5/2020 3:30
151775,151772,MAE HONG SON,8/6/2020,31.7,24.5,SE,22.24,15:22:00,0.9,482.5,8/6/2020 3:30
151891,151888,MAE HONG SON,8/7/2020,31.8,24.5,WNW,14.83,14:18:00,9.8,492.3,8/7/2020 3:30
152009,152006,MAE HONG SON,8/8/2020,33.7,25,W,12.97,13:20:00,1.9,494.2,8/8/2020 3:30
152124,152121,MAE HONG SON,8/9/2020,33.9,24.8,W,16.68,14:25:00,7.2,501.4,8/9/2020 3:30
152360,152357,MAE HONG SON,8/11/2020,32.9,24.8,ESE,12.97,9:51:00,0.9,502.5,8/11/2020 3:30
152479,152476,MAE HONG SON,8/12/2020,31.7,24.8,WNW,16.68,19:28:00,22.3,524.8,8/12/2020 3:30
152829,152826,MAE HONG SON,8/19/2020,28,23.4,NNW,11.12,15:45:00,2.1,552.7,8/19/2020 3:30
152948,152945,MAE HONG SON,8/20/2020,29.2,23.1,NNE,12.97,16:32:00,0.5,553.2,8/20/2020 3:30
153068,153065,MAE HONG SON,8/21/2020,32.5,24,E,11.12,22:20:00,15.2,568.4,8/21/2020 3:30
153314,153311,MAE HONG SON,8/23/2020,32.2,23.5,W,12.97,22:20:00,19.1,646.6,8/23/2020 3:30
153546,153543,MAE HONG SON,8/25/2020,29.6,23.3,ESE,5.56,22:58:00,2.2,692.3,8/25/2020 3:30
153778,153775,MAE HONG SON,8/27/2020,32,23.7,SSE,11.12,13:02:00,2.3,699.8,8/27/2020 3:30
154011,154008,MAE HONG SON,8/29/2020,35.7,23.7,WNW,37.07,21:23:00,66.7,766.5,8/29/2020 3:30
154128,154125,MAE HONG SON,8/30/2020,34.8,21.9,W,27.8,19:52:00,40,806.5,8/30/2020 3:30
154249,154246,MAE HONG SON,8/31/2020,34,22.5,WNW,12.97,15:42:00,4.9,811.4,8/31/2020 3:30
154369,154366,MAE HONG SON,9/3/2020,34.9,23.1,SSE,12.97,19:07:00,,820.9,9/3/2020 3:30
154488,154485,MAE HONG SON,9/5/2020,34,23.8,WNW,12.97,13:15:00,,820.9,9/5/2020 3:30
154608,154605,MAE HONG SON,9/6/2020,35.1,23.4,SE,20.39,19:23:00,,820.9,9/6/2020 3:30
154727,154724,MAE HONG SON,9/7/2020,34.9,23.8,S,12.97,18:14:00,,820.9,9/7/2020 3:30
154844,154841,MAE HONG SON,9/8/2020,32.5,25.1,SE,14.83,15:39:00,1.9,822.8,9/8/2020 3:30
154961,154958,MAE HONG SON,9/9/2020,32,25.1,SSE,18.53,16:43:00,14.2,837,9/9/2020 3:30
155078,155075,MAE HONG SON,9/11/2020,33.6,24.5,W,12.97,13:27:00,,837.1,9/11/2020 3:30
155316,155313,MAE HONG SON,9/13/2020,34.9,24.5,SE,12.97,17:46:00,0.1,838.3,9/13/2020 3:30
155430,155427,MAE HONG SON,9/14/2020,34.5,24.7,SE,24.09,19:26:00,5.3,843.6,9/14/2020 3:30
155553,155550,MAE HONG SON,9/15/2020,33.8,24.2,ESE,14.83,15:06:00,5.3,848.9,9/15/2020 3:30
155675,155672,MAE HONG SON,9/16/2020,34.8,24.5,WNW,14.83,13:13:00,,848.9,9/16/2020 3:30
155795,155792,MAE HONG SON,9/18/2020,35.5,24.8,WNW,16.68,13:17:00,0.1,849,9/18/2020 3:30
155917,155914,MAE HONG SON,9/20/2020,32.1,25.9,NNE,24.09,17:32:00,17.5,866.5,9/20/2020 3:30
156036,156033,MAE HONG SON,9/21/2020,31.1,24.6,SSE,16.68,14:53:00,17.5,884,9/21/2020 3:30
156155,156152,MAE HONG SON,9/23/2020,33.6,24.4,N,16.68,22:23:00,,885.6,9/23/2020 3:30
156276,156273,MAE HONG SON,9/24/2020,34.6,24.4,W,12.97,12:29:00,0.5,886.1,9/24/2020 3:30
156393,156390,MAE HONG SON,9/26/2020,32.6,24.8,WNW,18.53,16:17:00,0.9,903.2,9/26/2020 3:30
156510,156507,MAE HONG SON,9/27/2020,33.2,24.6,,12.97,17:56:00,1.4,904.6,9/27/2020 3:30
156631,156628,MAE HONG SON,9/29/2020,34.1,24.4,NNE,14.83,17:08:00,4.1,908.7,9/29/2020 3:30
156752,156749,MAE HONG SON,9/30/2020,33,24.7,ESE,11.12,10:34:00,2.4,911.1,9/30/2020 3:30
156872,156869,MAE HONG SON,10/1/2020,32.7,25.2,E,16.68,15:08:00,6.1,917.2,10/1/2020 3:30
156993,156990,MAE HONG SON,10/2/2020,33.2,24.3,ESE,22.24,15:48:00,0.6,917.8,10/2/2020 3:30
157114,157111,MAE HONG SON,10/3/2020,32.7,24.4,SSE,12.97,13:37:00,,917.8,10/3/2020 3:30
157235,157232,MAE HONG SON,10/5/2020,32,24.7,E,16.68,15:13:00,17.3,935.3,10/5/2020 3:30
157354,157351,MAE HONG SON,10/8/2020,34.7,24.3,,12.97,15:42:00,,945.6,10/8/2020 3:30
157473,157470,MAE HONG SON,10/12/2020,34.5,22,W,12.97,15:53:00,,945.7,10/12/2020 3:30
157593,157590,MAE HONG SON,10/14/2020,32.2,21.2,,11.12,10:44:00,,945.7,10/14/2020 3:30
157713,157710,MAE HONG SON,10/21/2020,30,22.7,NW,14.83,18:31:00,,946.4,10/21/2020 3:30
157833,157830,MAE HONG SON,10/29/2020,31.7,21.6,,24.09,14:33:00,4.3,950.7,10/29/2020 3:30
157950,157947,MAE HONG SON,10/30/2020,32.6,21.1,NNE,22.24,18:42:00,,950.7,10/30/2020 3:30
158070,158067,MAE HONG SON,10/31/2020,29.3,23.4,NNE,22.24,10:51:00,0.2,950.9,10/31/2020 3:30
158192,158189,MAE HONG SON,11/1/2020,31.3,23.1,ESE,11.12,11:07:00,,950.9,11/1/2020 3:30
158308,158305,MAE HONG SON,11/2/2020,32.1,23,E,14.83,12:35:00,,950.9,11/2/2020 3:30
158426,158423,MAE HONG SON,11/3/2020,31.4,22.6,E,11.12,13:07:00,,950.9,11/3/2020 3:30
158544,158541,MAE HONG SON,11/4/2020,33.9,23,WNW,12.97,12:12:00,30.9,981.8,11/4/2020 3:31
158662,158659,MAE HONG SON,11/7/2020,33.8,21.9,SSE,12.97,16:40:00,,982.1,11/7/2020 3:30
158782,158779,MAE HONG SON,11/10/2020,32.2,21.1,W,16.68,13:46:00,,982.1,11/10/2020 3:30
158902,158899,MAE HONG SON,11/11/2020,32.7,18.2,NNW,18.53,12:31:00,,982.1,11/11/2020 3:30
159024,159021,MAE HONG SON,11/13/2020,31.7,18.4,W,12.97,13:54:00,,982.1,11/13/2020 3:30
159147,159144,MAE HONG SON,11/14/2020,21.8,31.5,N,3.71,0:00:00,,982.1,11/14/2020 10:42
159265,159262,MAE HONG SON,11/15/2020,20.1,32.5,WNW,14.83,13:46:00,,982.1,11/15/2020 20:36
159387,159384,MAE HONG SON,11/16/2020,18.4,31.4,W,12.97,15:11:00,,982.1,11/16/2020 20:12
